-- 建立資料庫語法
-- 加上預設的文字編碼(建議設定)
CREATE DATABASE `camp3`
DEFAULT CHARACTER SET utf8mb4 COLLATE utf8mb4_general_ci;

USE `camp3`;

SET SQL_SAFE_UPDATES = 0;
SET SQL_MODE = "NO_AUTO_VALUE_ON_ZERO";
SET time_zone = "+00:00";

-- ----------------------------
-- 搜尋引擎 search engineevent_holding_list
-- ----------------------------
-- 營地區域
DROP TABLE IF EXISTS `position`;
CREATE TABLE `position`
(
 `id` int NOT NULL AUTO_INCREMENT,
 `name` varchar(255) CHARACTER SET utf8mb4 COLLATE utf8mb4_general_ci NOT NULL,
  primary key(id)
)ENGINE=InnoDB DEFAULT CHARSET=utf8mb4;

INSERT INTO `position` VALUES
(1, '北部'),
(2, '中部'),
(3, '南部'),
(4, '東部');

-- 露營地資訊
DROP TABLE IF EXISTS `campsites`;
CREATE TABLE `campsites` (
  `id` int NOT NULL AUTO_INCREMENT,
  `sn` varchar(255) NOT NULL,
  `name` varchar(255) NOT NULL,
  `img` varchar(255) DEFAULT NULL,
  `title` text DEFAULT NULL,
  `info` text DEFAULT NULL,
  `position` varchar(255) CHARACTER SET utf8mb4 COLLATE utf8mb4_general_ci NOT NULL,
  `address` varchar(255) CHARACTER SET utf8mb4 COLLATE utf8mb4_general_ci NOT NULL,
  `open_time` varchar(255) CHARACTER SET utf8mb4 COLLATE utf8mb4_general_ci NOT NULL,
  `created_at` DATETIME DEFAULT CURRENT_TIMESTAMP,
  `updated_at` DATETIME DEFAULT CURRENT_TIMESTAMP,
  
  PRIMARY KEY (`id`)
) ENGINE=InnoDB DEFAULT CHARSET=utf8mb4;

INSERT INTO `campsites` (`id`, `sn`, `name`, `img`, `title`, `info`, `position`, `address`, `open_time`, `created_at`, `updated_at`) VALUES
(1, 'CampA01',  '山林樂活露營區', 'https://blogger.googleusercontent.com/img/a/AVvXsEiV_j5n4dleE--X4wszIfrGu4pmdvMOqQaj2ccD66KX7woBdB2kwqjFu_lXypdvc8OAIdtWnw5zv5VTaNqAU3iYOSenlV6QFWiFAXUy5491uNxiXkx1Xo7Q5lz9eev4WvZeyL-KJNC-u_laYfJVRK6UDhQaaHb51qtH9Ks51FBQeeY4pHpO97A2nCYjrYVC', '感受山林的靜謐與悠然，盡在山林樂活', '山林樂活露營區位於壯麗的太魯閣山脈之中，是一處讓人遠離塵囂、享受大自然的理想場所。這裡擁有優美的自然景觀和豐富的生態環境，適合各類露營愛好者。不論是喜愛探險的背包客，還是喜歡舒適享受的家庭旅行者，都能在這裡找到最適合的露營方式。', '東部', '台灣花蓮縣秀林鄉太魯閣村200號', '上午 9:00', '2024-09-02 10:44:22', '2024-09-02 10:44:22'),
(2, 'CampA02',  '森林之星露營地', 'https://blogger.googleusercontent.com/img/a/AVvXsEiRyE498AlTlH91EYdcJjazwpPuwikz6wZsAI1zO3au57G79fwi1jzFfjRJqYgq86Xe1OJIRAvFMbv7IvNxVzJMISePQIcf-mUCUa1FDmHkVLzcj6iDyNInBxHapIhI9_np2ZTws0i3FrgaRUDunVhip0wjH3-nUO2ywJsZECDyuWGeP02ACJ3FRYpNhXLh', '仰望星空，擁抱自然，讓心靈在綠意中閃耀', '森林之星露營地位於台灣中央山脈的腹地，擁有壯麗的山景和清新的空氣。營地提供多樣化的露營選項，從基本的帳篷區到配備齊全的小木屋，適合各種露營者。無論是親子旅遊、團體活動還是單獨冒險，這裡都是理想的選擇。', '中部', '台灣南投縣仁愛鄉翠峰村101號', '上午 9:20', '2024-09-02 10:44:22', '2024-09-02 10:44:22'),
(3, 'CampA03', '海洋之心露營區', 'https://blogger.googleusercontent.com/img/a/AVvXsEj8YVFb5gbNE2xlKiI5RYKQ2MRmT2Y7MUXrKG344Ev5XvmeJ0i7QSMJHZkEa_e28yIRzV7V28H2oZ7YP4vNnsuCvqvT9u02Ac96P6Yw-ErllGcuc4G_OGtqTBPw6_BbNFBiIFDEocHTYUP5KMoJ1DVLMPAZEgEhJ8dxNkja8_quLRxZgpqrOl_uSDEc5m9U', '在海浪聲中安靜入夢，感受海洋的魅力', '海洋之心露營區坐落於壯觀的太平洋海岸，擁有無敵海景與柔軟沙灘。這裡提供舒適的營位選擇，讓露營者可以在星空下享受海風，並沉浸於自然之中。無論是想要享受陽光的家庭，還是尋找靜謐的獨行客，這裡都是最佳的露營目的地。', '東部', '台灣台東縣成功鎮海邊路50號', '上午 8:30', '2024-09-29 10:44:22', '2024-09-29 10:44:22'),
(4, 'CampA04', '山川之舞露營區', 'https://blogger.googleusercontent.com/img/a/AVvXsEitJxJb5gP1SjYnnI2p3E6iDUaiE4qQgTH2m5VFDeknXQew5IAhILMln5fZniSYUWtTDhmJjaEgGUEX01G-GY5jv_pXDknQlNc-ND54jNHZO8xUMi5RPobU56ZQRAlb4jrvy9XIBqNwTsse1ccPkePZo-LiP-SoYdvhy0RCCevsC5Q1QXnVGEUa-z7sBWQV', '在山野中與大自然共舞', '山川之舞露營區位於青翠的山脈之中，提供獨特的露營體驗。這裡的環境優美，非常適合徒步旅行和家庭聚會。無論是早晨的清新空氣還是夜晚的星空，您都能在這裡找到靈感。', '北部', '台灣宜蘭縣冬山鄉梅花村200號', '上午 9:00', '2024-09-29 10:44:22', '2024-09-29 10:44:22'),
(5, 'CampA05', '雲端之上露營區', 'https://blogger.googleusercontent.com/img/a/AVvXsEiYMsff5biSeJjk7J9d7C6iE9ZtgExadsgug72ODF0IGXpfUcDY2GQAe87FR0kEyNwSka2JPY0bKxEPvrbhdEi1EcynhdmqTM3uv1uN4oFqm8tHE_BOluN5FoVbI8j5JgQaJbS9xBexdTN3bizFbizXCSFOF1qXpAedxBycco7JjMi0Erorqd2VKzw1VAx9', '享受雲海與日出的奇妙', '雲端之上露營區位於高山之巔，是觀賞日出和雲海的最佳地點。露營者可以在此享受大自然的美麗，並進行各種戶外活動。', '中部', '台灣南投縣信義鄉大山村300號', '上午 6:00', '2024-09-29 10:44:22', '2024-09-29 10:44:22'),
(6, 'CampA06', '日出海灘露營區', 'https://blogger.googleusercontent.com/img/a/AVvXsEgSxoUl8bmC96hCkdVyXDlU0FqhY8ZxORy1tMPefwoQeb2jfH1cb7te2BPON6ARa42JJaEuP9GK46Too31v0mJ4t6UHNdGEBBWjSP9jUYGaslCrvGGC2JpvU6e5iYsa2i9xvwVdm8UhEHRq_JSBb1OOlTl3BhTM06Q5QJTc0pOaKjBLg-mpjKU5Fss9kc6s', '在日出時刻沐浴海風', '日出海灘露營區提供無與倫比的海岸線和日出景觀，適合喜愛沙灘和海洋的露營者。這裡有多種活動可供選擇，從浮潛到沙灘排球，無論是家庭還是朋友聚會都非常適合。', '南部', '台灣高雄市旗津區沙灘路123號', '上午 7:00', '2024-09-29 10:44:22', '2024-09-29 10:44:22'),
(7, 'CampA07', '秘境森林露營區', 'https://blogger.googleusercontent.com/img/a/AVvXsEiA0WlHbWzeK-el4QPcAUMyuvMUo10JxBFFKcuRN1T63r6YgukpMZ6odIL4TtRgHj325CYr6TvAJhlfdEoPOQnD4T4A_ZjYevK7xG69eRrE2dmear_OL5quLA-fPrYtSvVKzhO28lfj74JBDNP-k-gSoZ3zX6yAP_5bnCtn2VA1Qbp51nHBt0OPcaG5ra3g', '探索隱秘的自然寶藏', '秘境森林露營區隱藏在茂密的樹林中，讓露營者體驗真正的自然靜謐。這裡適合喜歡野生動物和自然探險的人士，並提供多樣的露營選擇。', '中部', '台灣南投縣仁愛鄉秘境村50號', '上午 9:00', '2024-09-29 10:44:22', '2024-09-29 10:44:22'),
(8, 'CampA08', '浪漫星空露營區', 'https://blogger.googleusercontent.com/img/a/AVvXsEjK1_Yl9azp2preio7tP_qJ-0KWRngGnhfGsMXgTWcOnjzhi0Axx9-gq2hk26Z6bD7oVuW11MU3lseh6SB2cEBSdXchQ16S1Uc_VQJsL-wPSvIUSafQgYCiFxcsLylDnlIKuDCa7dvAdVqZgg6ELsn6GDCBzvMHuPArhN0NsiMCQiyOeW99AtXArrDg8BYi', '在星空下享受浪漫', '浪漫星空露營區適合情侶和家庭，讓您在星空下共享美好時光。這裡提供各種設施，讓您可以安心享受露營的樂趣。', '東部', '台灣花蓮縣壽豐鄉浪漫路88號', '上午 8:30', '2024-09-29 10:44:22', '2024-09-29 10:44:22'),
(9, 'CampA09', '溪畔露營區', 'https://blogger.googleusercontent.com/img/a/AVvXsEhu9gtgSvekBSP5UhmD8ZzMqP1tz8nxpi9pjNT7W4HfDw4QBqaioEpHRyKuQ4QeW3wasGYwvY3vqaL2-wyW3Pbb5FwYZdcJTpjwhUm4p3LZaURK_agsDzTDB2FznPtcMSZY43xfID_wA52c9d7LsjRO0fpZNK7MKs0WKtKzcSCej6e_9UoVe6s-9K5QnMxp', '在溪水旁享受清涼', '溪畔露營區提供近水的露營選擇，讓您在清涼的溪水旁放鬆心情。這裡有多樣的活動可以參加，非常適合親子和團體。', '北部', '台灣新北市瑞芳區溪邊村50號', '上午 9:00', '2024-09-29 10:44:22', '2024-09-29 10:44:22'),
(10, 'CampA10', '彩虹山谷露營區', 'https://blogger.googleusercontent.com/img/a/AVvXsEiFlT4nrgXeWcd8ex_8iXK3UAgdjrp8vTTPJg5FwSzVL4nXizHl1iwPxjJKxuEesfQdsi4HLc8-YMnJtNp6dWvDbaVokpOFJtxPM5Qn2xg44OZJQbAmYk0TmV7SaKZ3U9MqRJHD0kJ0EpPfX6XtFtsyPZ5CYY2wZzjsv984n9k98x2kkD1Fsxfg3ehcFTNi', '享受色彩斑斕的自然美景', '彩虹山谷露營區以其壯觀的山景和五彩繽紛的花卉而聞名，是拍攝自然照片的理想地點。', '中部', '台灣苗栗縣三灣鄉彩虹村60號', '上午 8:00', '2024-09-29 10:44:22', '2024-09-29 10:44:22'),
(11, 'CampA11', '童話森林露營區', 'https://blogger.googleusercontent.com/img/a/AVvXsEhIeYqieTo3rmpG8xqFG3x_pduvUmdaddsbZlZ-qIdHtci7RSw4dpqB3KoJfwwc_XKdhz0BFbtYCXwXWGyvp8ZxdrAlUI6WO5y9OmsjxDSLFV21zVIF2o-vcEu9gJZRyqFT6EXdD6qjx6Lueo5vgvCZi3MTBtd9EWY1YhgAuLBLIYAg5CIXQv6pHZtiViGE', '走進童話般的世界', '童話森林露營區擁有如夢似幻的森林景色，適合家庭和小朋友來此露營，感受大自然的奇妙。', '中部', '台灣嘉義縣梅山鄉童話村80號', '上午 9:00', '2024-09-29 10:44:22', '2024-09-29 10:44:22'),
(12, 'CampA12', '湖邊休閒露營區', 'https://blogger.googleusercontent.com/img/a/AVvXsEggv5Zxz6OMku-S4LVO10fRrcjlMoCv3WIWihqg1e-xT-ykgqwQUMRal1cfHtOotFZvkPhIooqeVvnA6mInEIt_PV-Hf5pYsyBuqci8uvNw5X-7zwW1IFk0nvQDe8sCs4IqvHLcEk9INnx8AfccaynjwgjXabaCCr2uS5o1hPdAQCAXP28U2PrEnDOGRrww', '在湖邊享受悠閒的時光', '湖邊休閒露營區提供舒適的湖景和安靜的環境，非常適合放鬆和靜思。這裡的設施齊全，適合各種露營者。', '中部', '台灣台中市南區湖邊路100號', '上午 8:30', '2024-09-29 10:44:22', '2024-09-29 10:44:22'),
(13, 'CampA13', '古道探險露營區', 'https://loremflickr.com/640/480', '挑戰自我，探索古道', '古道探險露營區適合喜歡挑戰和探險的人，這裡有豐富的自然景觀和古老的文化路線等著您來探索。', '北部', '台灣台北市北投區古道村50號', '上午 9:00', '2024-09-29 10:44:22', '2024-09-29 10:44:22'),
(14, 'CampA14', '幸福之谷露營區', 'https://loremflickr.com/640/480', '讓心靈在谷中獲得幸福', '幸福之谷露營區提供一個放鬆和享受自然的地方，讓每一位來訪者都能感受到幸福。', '南部', '台灣台南市南區幸福路90號', '上午 8:30', '2024-09-29 10:44:22', '2024-09-29 10:44:22'),
(15, 'CampA15', '靜謐山谷露營區', 'https://loremflickr.com/640/480', '在山谷中享受靜謐', '靜謐山谷露營區適合尋找寧靜的露營者，這裡的環境安靜且美麗，提供放鬆心靈的絕佳場所。', '中部', '台灣澎湖縣馬公市山谷村30號', '上午 9:00', '2024-09-29 10:44:22', '2024-09-29 10:44:22'),
(16, 'CampA16', '飛翔露營區', 'https://loremflickr.com/640/480', '在空中感受自由', '飛翔露營區提供一個獨特的高空露營體驗，讓您在樹梢上享受大自然的美景。', '東部', '台灣花蓮縣吉安鄉飛翔村30號', '上午 9:00', '2024-09-29 10:44:22', '2024-09-29 10:44:22'),
(17, 'CampA17', '原始之地露營區', 'https://loremflickr.com/640/480', '回歸原始，體驗自然', '原始之地露營區提供一個近乎原始的露營環境，非常適合喜歡大自然的露營者。', '中部', '台灣雲林縣林內鄉原始村70號', '上午 9:00', '2024-09-29 10:44:22', '2024-09-29 10:44:22'),
(18, 'CampA18', '鄉村田野露營區', 'https://loremflickr.com/640/480', '在田野中享受鄉村生活', '鄉村田野露營區提供鄉村風光和田野景色，是體驗農村生活的好地方。', '中部', '台灣彰化縣田中鎮田野村40號', '上午 9:00', '2024-09-29 10:44:22', '2024-09-29 10:44:22'),
(19, 'CampA19', '青湖露營區', 'https://loremflickr.com/640/480', '享受青湖的美麗風光', '青湖露營區坐落於美麗的湖邊，提供多樣化的露營設施，適合家庭和朋友的聚會。', '北部', '台灣新竹縣新埔鎮青湖村20號', '上午 9:00', '2024-09-29 10:44:22', '2024-09-29 10:44:22'),
(20, 'CampA20', '月光溪谷露營區', 'https://loremflickr.com/640/480', '在月光下享受寧靜', '月光溪谷露營區提供一個浪漫而靜謐的露營環境，非常適合情侶和家庭。', '北部', '台灣新北市三峡區月光村50號', '上午 9:00', '2024-09-29 10:44:22', '2024-09-29 10:44:22'),
(21, 'CampA21', '綠意滿滿露營區', 'https://loremflickr.com/640/480', '沉浸在綠意中，享受大自然', '綠意滿滿露營區提供充滿生機的環境，非常適合親子和家庭聚會。這裡擁有多樣的活動和設施。', '中部', '台灣南投縣埔里鎮綠意村100號', '上午 9:00', '2024-09-29 10:44:22', '2024-09-29 10:44:22'),
(22, 'CampA22', '樹屋露營區', 'https://loremflickr.com/640/480', '在樹上感受自然的氣息', '樹屋露營區提供一個獨特的樹上露營體驗，讓露營者在高處享受大自然的美好。', '中部', '台灣嘉義縣中埔鄉樹屋村80號', '上午 9:00', '2024-09-29 10:44:22', '2024-09-29 10:44:22'),
(23, 'CampA23', '清涼河畔露營區', 'https://loremflickr.com/640/480', '在清澈的河邊享受清涼', '清涼河畔露營區提供靠近河流的露營設施，讓您在清澈的水邊放鬆心情。', '東部', '台灣台東縣卑南鄉河畔村70號', '上午 9:00', '2024-09-29 10:44:22', '2024-09-29 10:44:22'),
(24, 'CampA24', '夢幻谷露營區', 'https://loremflickr.com/640/480', '在夢幻般的谷地中沉醉', '夢幻谷露營區以其壯觀的自然景觀和獨特的生態系統而聞名，適合各類型的露營者。', '中部', '台灣澎湖縣白沙鄉夢幻村20號', '上午 9:00', '2024-09-29 10:44:22', '2024-09-29 10:44:22'),
(25, 'CampA25', '花海露營區', 'https://loremflickr.com/640/480', '在花海中享受色彩繽紛的自然', '花海露營區擁有壯觀的花田，適合拍照和享受自然，這裡是春天的最佳露營地點。', '東部', '台灣花蓮縣花蓮市花海村100號', '上午 9:00', '2024-09-29 10:44:22', '2024-09-29 10:44:22'),
(26, 'CampA26', '蜿蜒溪流露營區', 'https://loremflickr.com/640/480', '在溪流旁享受悠閒的時光', '蜿蜒溪流露營區提供靜謐的環境和清澈的溪流，非常適合家庭和團體聚會。', '南部', '台灣高雄市左營區溪流村40號', '上午 9:00', '2024-09-29 10:44:22', '2024-09-29 10:44:22'),
(27, 'CampA27', '山林樂園露營區', 'https://loremflickr.com/640/480', '在山林中與自然共融', '山林樂園露營區是一個充滿自然氛圍的地方，非常適合各類露營者。這裡提供豐富的自然景觀和多樣的活動。', '北部', '台灣台北市士林區樂園村100號', '上午 9:00', '2024-09-29 10:44:22', '2024-09-29 10:44:22'),
(28, 'CampA28', '遠足山谷露營區', 'https://loremflickr.com/640/480', '在山谷中遠足，享受自然', '遠足山谷露營區擁有壯觀的自然景觀，是遠足愛好者的理想地點。這裡提供多樣的露營選擇，適合各種露營者。', '北部', '台灣台北市士林區遠足村100號', '上午 9:00', '2024-09-29 10:44:22', '2024-09-29 10:44:22'),
(29, 'CampA29', '田園風光露營區', 'https://loremflickr.com/640/480', '享受田園的恬靜', '田園風光露營區提供美麗的田野景觀，讓您在自然中放鬆心情。這裡適合家庭和朋友聚會。', '南部', '台灣台南市南區田園村80號', '上午 9:00', '2024-09-29 10:44:22', '2024-09-29 10:44:22'),
(30, 'CampA30', '秘境之地露營區', 'https://loremflickr.com/640/480', '發現隱藏的美麗', '秘境之地露營區是一個安靜的露營選擇，適合喜愛探索的露營者。這裡有豐富的自然資源和活動。', '北部', '台灣新北市三峽區秘境村50號', '上午 9:00', '2024-09-29 10:44:22', '2024-09-29 10:44:22'),
(31, 'CampA31', '竹林山莊露營區', 'https://loremflickr.com/640/480', '在竹林中享受寧靜', '竹林山莊露營區提供一個與竹林親密接觸的機會，讓您在靜謐的環境中放鬆心情。', '中部', '台灣苗栗縣竹南鎮竹林村60號', '上午 9:00', '2024-09-29 10:44:22', '2024-09-29 10:44:22'),
(32, 'CampA32', '湖邊露營區', 'https://loremflickr.com/640/480', '在湖邊享受陽光', '湖邊露營區提供舒適的環境和美麗的湖景，非常適合家庭旅遊。這裡有豐富的活動可供參加。', '北部', '台灣台北市淡水區湖邊村30號', '上午 9:00', '2024-09-29 10:44:22', '2024-09-29 10:44:22'),
(33, 'CampA33', '露營者天堂', 'https://loremflickr.com/640/480', '探索露營的樂趣', '露營者天堂提供各種設施，適合初學者和經驗豐富的露營者。這裡有美麗的自然景觀和多樣的活動。', '南部', '台灣台南市北區露營村90號', '上午 9:00', '2024-09-29 10:44:22', '2024-09-29 10:44:22'),
(34, 'CampA34', '綠樹成蔭露營區', 'https://loremflickr.com/640/480', '在樹影下享受清涼', '綠樹成蔭露營區適合喜愛自然的露營者，這裡的環境優美，讓您在樹蔭下放鬆心情。', '南部', '台灣高雄市前鎮區綠樹村40號', '上午 9:00', '2024-09-29 10:44:22', '2024-09-29 10:44:22'),
(35, 'CampA35', '黃昏山谷露營區', 'https://loremflickr.com/640/480', '在黃昏時刻享受寧靜', '黃昏山谷露營區是觀賞日落的最佳地點，讓您在美麗的黃昏中放鬆身心。', '北部', '台灣宜蘭縣大同鄉黃昏村20號', '上午 9:00', '2024-09-29 10:44:22', '2024-09-29 10:44:22'),
(36, 'CampA36', '童趣森林露營區', 'https://loremflickr.com/640/480', '讓孩子在大自然中嬉戲', '童趣森林露營區專為家庭設計，提供安全且有趣的環境，讓孩子在大自然中探索和學習。', '北部', '台灣新竹縣五峰鄉童趣村10號', '上午 9:00', '2024-09-29 10:44:22', '2024-09-29 10:44:22'),
(37, 'CampA37', '自然探險露營區', 'https://loremflickr.com/640/480', '體驗與自然的親密接觸', '自然探險露營區提供各種探險活動，讓您在大自然中挑戰自我，非常適合喜愛冒險的露營者。', '中', '台灣南投縣草屯鎮自然村80號', '上午 9:00', '2024-09-29 10:44:22', '2024-09-29 10:44:22'),
(38, 'CampA38', '水岸露營區', 'https://loremflickr.com/640/480', '在水邊享受悠閒的時光', '水岸露營區提供美麗的水邊景觀，非常適合家庭和朋友的聚會，讓您享受大自然的放鬆時光。', '東部', '台灣台東縣水岸村60號', '上午 9:00', '2024-09-29 10:44:22', '2024-09-29 10:44:22'),
(39, 'CampA39', '海邊浪漫露營區', 'https://loremflickr.com/640/480', '享受海浪和微風', '海邊浪漫露營區提供迷人的海景和舒適的環境，是情侶和家庭的理想選擇。', '北部', '台灣基隆市七堵區海邊村30號', '上午 9:00', '2024-09-29 10:44:22', '2024-09-29 10:44:22'),
(40, 'CampA40', '幸福小鎮露營區', 'https://loremflickr.com/640/480', '在小鎮中找到幸福', '幸福小鎮露營區提供一個舒適的環境，讓每位來訪者都能感受到幸福與快樂。', '南部', '台灣台南市南區小鎮村20號', '上午 9:00', '2024-09-29 10:44:22', '2024-09-29 10:44:22'),
(41, 'CampA41', '陽光灑落露營區', 'https://loremflickr.com/640/480', '在陽光下享受生活', '陽光灑落露營區擁有美麗的陽光景觀，讓您在戶外活動中充分享受生活的美好。', '中部', '台灣南投縣集集鎮陽光村80號', '上午 9:00', '2024-09-29 10:44:22', '2024-09-29 10:44:22'),
(42, 'CampA42', '古樹露營區', 'https://loremflickr.com/640/480', '在古樹下享受歷史', '古樹露營區提供與古老樹木親密接觸的機會，讓您在歷史的環境中放鬆心情。', '中部', '台灣雲林縣斗六市古樹村70號', '上午 9:00', '2024-09-29 10:44:22', '2024-09-29 10:44:22'),
(43, 'CampA43', '晨曦露營區', 'https://loremflickr.com/640/480', '在晨曦中醒來', '晨曦露營區是一個適合晨跑者和喜愛清晨的露營者的地點，讓您在大自然的懷抱中迎接新的一天。', '中部', '台灣嘉義縣大林鎮晨曦村40號', '上午 9:00', '2024-09-29 10:44:22', '2024-09-29 10:44:22'),
(44, 'CampA44', '魔法森林露營區', 'https://loremflickr.com/640/480', '探索魔法般的自然', '魔法森林露營區是一個充滿奇幻色彩的露營地點，適合各類露營者，讓您在大自然中找到靈感。', '南部', '台灣屏東縣滿州鄉魔法村30號', '上午 9:00', '2024-09-29 10:44:22', '2024-09-29 10:44:22'),
(45, 'CampA45', '和諧天地露營區', 'https://loremflickr.com/640/480', '享受和諧的自然氛圍', '和諧天地露營區提供安靜和諧的環境，非常適合放鬆身心，是一個理想的露營地點。', '北部', '台灣新竹縣竹北市和諧村20號', '上午 9:00', '2024-09-29 10:44:22', '2024-09-29 10:44:22'),
(46, 'CampA46', '平靜湖泊露營區', 'https://loremflickr.com/640/480', '在平靜的湖泊旁放鬆', '平靜湖泊露營區提供一個安靜的湖邊環境，讓您遠離城市的喧囂，享受放鬆時光。', '中部', '台灣台中市南區平靜村80號', '上午 9:00', '2024-09-29 10:44:22', '2024-09-29 10:44:22'),
(47, 'CampA47', '情侶特區露營區', 'https://loremflickr.com/640/480', '為愛而生的露營區', '情侶特區露營區專為情侶設計，提供浪漫的環境和獨特的體驗，是慶祝愛情的最佳選擇。', '南部', '台灣高雄市鼓山區情侶村30號', '上午 9:00', '2024-09-29 10:44:22', '2024-09-29 10:44:22'),
(48, 'CampA48', '自然風光露營區', 'https://loremflickr.com/640/480', '欣賞自然之美', '自然風光露營區提供壯麗的自然景觀，適合喜愛大自然的露營者，這裡有多樣的活動可供選擇。', '北部', '台灣桃園市桃園區自然村50號', '上午 9:00', '2024-09-29 10:44:22', '2024-09-29 10:44:22'),
(49, 'CampA49', '晨光露營區', 'https://loremflickr.com/640/480', '在晨光中迎接新的一天', '晨光露營區提供寧靜的環境和美麗的晨景，適合喜愛早起的露營者。', '中部', '台灣南投縣水里鄉晨光村70號', '上午 9:00', '2024-09-29 10:44:22', '2024-09-29 10:44:22'),
(50, 'CampA50', '遺忘之地露營區', 'https://loremflickr.com/640/480', '發現被遺忘的美麗', '遺忘之地露營區是一個靜謐的地方，適合喜愛孤獨與思考的露營者，這裡的自然景觀讓人放鬆。', '南部', '台灣台南市東區遺忘村10號', '上午 9:00', '2024-09-29 10:44:22', '2024-09-29 10:44:22');

-- 住宿分類
DROP TABLE IF EXISTS `camping_category`;
CREATE TABLE `camping_category` (
  `id` int(11) NOT NULL AUTO_INCREMENT,
  `name` varchar(255) CHARACTER SET utf8mb4 COLLATE utf8mb4_general_ci NOT NULL,
  `parent_id` int(11) DEFAULT NULL,
  `created_at` DATETIME DEFAULT CURRENT_TIMESTAMP,
  `updated_at` DATETIME DEFAULT CURRENT_TIMESTAMP,
  
  PRIMARY KEY (`id`)
) ENGINE=InnoDB DEFAULT CHARSET=utf8mb4;

INSERT INTO `camping_category` (`id`, `name`, `parent_id`, `created_at`, `updated_at`) VALUES
(1, '露營車', NULL, '2024-09-02 10:44:22', '2024-09-02 10:44:22'),
(2, '小木屋', NULL, '2024-09-02 10:44:22', '2024-09-02 10:44:22'),
(3, '帳篷', NULL, '2024-09-02 10:44:22', '2024-09-02 10:44:22'),
(4, '家庭型營位', 1, '2024-09-02 10:44:22', '2024-09-02 10:44:22'),
(5, '標準型營位', 1, '2024-09-02 10:44:22', '2024-09-02 10:44:22'),
(6, '豪華型營位', 1, '2024-09-02 10:44:22', '2024-09-02 10:44:22'),
(7, '家庭型營位', 2, '2024-09-02 10:44:22', '2024-09-02 10:44:22'),
(8, '標準型營位', 2, '2024-09-02 10:44:22', '2024-09-02 10:44:22'),
(9, '豪華型營位', 2, '2024-09-02 10:44:22', '2024-09-02 10:44:22'),
(10, '家庭型營位', 3, '2024-09-02 10:44:22', '2024-09-02 10:44:22'),
(11, '標準型營位', 3, '2024-09-02 10:44:22', '2024-09-02 10:44:22'),
(12, '豪華型營位', 3, '2024-09-02 10:44:22', '2024-09-02 10:44:22');

-- 營區特色
DROP TABLE IF EXISTS `Feature`;
CREATE TABLE `Feature` (
  `id` int(11) NOT NULL AUTO_INCREMENT,
  `name` varchar(255) CHARACTER SET utf8mb4 COLLATE utf8mb4_general_ci NOT NULL,
  `created_at` DATETIME DEFAULT CURRENT_TIMESTAMP,
  `updated_at` DATETIME DEFAULT CURRENT_TIMESTAMP,
  
  PRIMARY KEY (`id`)
) ENGINE=InnoDB DEFAULT CHARSET=utf8mb4;

INSERT INTO `Feature` (`id`, `name`, `created_at`, `updated_at`) VALUES
(1, '寵物友善', '2024-09-02 10:44:22', '2024-09-02 10:44:22'),
(2, '交通易達', '2024-09-02 10:44:22', '2024-09-02 10:44:22'),
(3, '網美佈置', '2024-09-02 10:44:22', '2024-09-02 10:44:22'),
(4, '星空夜景', '2024-09-02 10:44:22', '2024-09-02 10:44:22'),
(5, '雲海美景', '2024-09-02 10:44:22', '2024-09-02 10:44:22'),
(6, '親子活動', '2024-09-02 10:44:22', '2024-09-02 10:44:22');

-- 營區設施
DROP TABLE IF EXISTS `Facilities`;
CREATE TABLE `Facilities` (
  `id` int(11) NOT NULL AUTO_INCREMENT,
  `name` varchar(255) CHARACTER SET utf8mb4 COLLATE utf8mb4_general_ci NOT NULL,
  `created_at` DATETIME DEFAULT CURRENT_TIMESTAMP,
  `updated_at` DATETIME DEFAULT CURRENT_TIMESTAMP,
  
  PRIMARY KEY (`id`)
) ENGINE=InnoDB DEFAULT CHARSET=utf8mb4;

INSERT INTO `Facilities` (`id`, `name`, `created_at`, `updated_at`) VALUES
(1, '衛浴', '2024-09-02 10:44:22', '2024-09-02 10:44:22'),
(2, '餐廳', '2024-09-02 10:44:22', '2024-09-02 10:44:22'),
(3, '商店', '2024-09-02 10:44:22', '2024-09-02 10:44:22'),
(4, '無障礙', '2024-09-02 10:44:22', '2024-09-02 10:44:22'),
(5, '投幣洗衣', '2024-09-02 10:44:22', '2024-09-02 10:44:22'),
(6, '親子設施', '2024-09-02 10:44:22', '2024-09-02 10:44:22');

-- 房型方案
CREATE TABLE `booking_type` (
  `id` INT NOT NULL PRIMARY KEY AUTO_INCREMENT,
  `sn` varchar(255) NOT NULL,
  `name` varchar(255) DEFAULT NULL,
  `campsites_id` int(11) NOT NULL,
  `cat_id` int(11) NOT NULL,
  `photos` text DEFAULT NULL,
  `stock` varchar(255) DEFAULT NULL,
  `price` int(11) DEFAULT NULL,
  `info` text DEFAULT NULL,
  `bed_opt` varchar(255) DEFAULT NULL,
  `max_per` int(11) DEFAULT NULL,
  `food` varchar(255) DEFAULT NULL,
  `created_at` DATETIME DEFAULT CURRENT_TIMESTAMP,
  `updated_at` DATETIME DEFAULT CURRENT_TIMESTAMP
) ENGINE=InnoDB DEFAULT CHARSET=utf8 COLLATE=utf8_general_ci;

INSERT INTO `booking_type` (`id`, `sn`, `name`, `campsites_id`, `cat_id`, `photos`, `stock`, `price`, `info`, `bed_opt`, `max_per`, `food`, `created_at`, `updated_at`) VALUES
(1, 'RTC01B04', '標準型營位｜帳篷', 1, 11, 'https://blogger.googleusercontent.com/img/a/AVvXsEjFBjXeGI45uwfWzs-PTlA_LZcb5EOUpj-mGBnJAL3Z8F1A5ANa3p6N8XRWjnvHmc8Da3ODZYcldbjKDDcMX5Naaa_Oa2R9vSh07ZP5-D5OUs1wS-wv7Ed53am3CcwUqkknzs73vEfOnzFBYyld4iELY9Xc11yup8EA_LOBuTr53vlG3TbONgX0E5Q9WnUr', '40', 1200, '位於營區中心地帶，交通便利，提供基本設施，適合初次露營者或小型團體。讓您輕鬆享受露營樂趣，同時感受自然的魅力', '1張雙人床和2個睡墊', 4, '無附餐', '2024-09-02 10:44:22', '2024-09-02 10:44:22'),
(2, 'RTC01B05', '家庭型營位｜帳篷', 1, 10, 'https://blogger.googleusercontent.com/img/a/AVvXsEj87Ywtt6hu0yS03z90s88u8FbMzWg4NZ7-eARV8gNaCLrDu_HSNHbr-eFe5h7FFbrgAMmtS-Z9tSVPo29krvLMzPoxbECa3JvORtgbCh5S5Ahy-_i3X9ORHuZ_-x22MD_14Io8A31G9i24DbSeYAp3uRtFG55xmAZOZQWE_wr78UIbxmg5ZY_k_OMqUAES', '25', 2000, '提供更寬敞的空間，適合家庭聚會或多代同堂露營。帳篷內部設施齊全，並提供舒適的休憩區域，讓全家人在戶外也能感受到家的溫馨', '帳篷內有1張雙人床和2張單人床，額外提供睡墊', 6, '附午餐', '2024-09-02 10:44:22', '2024-09-02 10:44:22'),
(3, 'RTC01B06', '豪華型營位｜帳篷', 1, 12, 'https://blogger.googleusercontent.com/img/a/AVvXsEimgWX2W2B6UAxXCwLJ69MYOoXWEutSplPH-LKDdHleiu0WHqE6nxUtD_GPhtawYR600C37WoJv9pRg_ZXphOLIXFpuuTdUSsfMQhR44AyQg5qfui0Pn0t5RErJMROzazjf4XInvKvR19DqEFqqDWwhoclfcUZGjBD5G-uexXFUQQJs33mGTTrT7VuUxf5f', '15', 3500, '提供更高端的設施，讓您在大自然中享受如同酒店般的舒適體驗。營位周邊環境優美，適合浪漫度假或高端露營需求', '1張大號雙人床和1張沙發床', 4, '附全餐', '2024-09-02 10:44:22', '2024-09-02 10:44:22'),
(4, 'RTC01T04', '標準型營位｜小木屋', 1, 8, 'https://blogger.googleusercontent.com/img/a/AVvXsEgSkc1QToAAaS8UD5Spd68MtkNMQG9tXh1EB5PrjKavBYkjC-Gfb3WtuQuz1OevCZkDZ_gfoe_vRCKeIDAeMWomaxMltxGmuWYH08T2I31yG3_EVr67vYl4ojGReNQ1Im3V98LqygMIt6hAKd_H9xksSN4rKPXZn-79Y7m20_mko42sRecfg9P8fMit6k2y', '30', 3500, '提供基本的住宿設施，適合希望在大自然中享受簡單舒適生活的旅客。位於營地中心，方便前往公共設施', '1張雙人床 + 2張單人床', 4, '附午餐', '2024-09-02 10:44:22', '2024-09-02 10:44:22'),
(5, 'RTC01T05', '家庭型營位｜小木屋', 1, 7, 'https://blogger.googleusercontent.com/img/a/AVvXsEig-DWGoXP6LfQGBUQZLW9b8hNDSvO2NWz5ZiYz_lvRm4ykyoPdICkcT8en-RQ7C-poIAIC09E7sNC6nFShOTSdC41hBdCMKiXF4RIdDT4BpacH8_zrKGR-XC0q3VZwcUQwHUtT0MobzEWpI2aWWcLnGpTI2KGLMb2sMCHSSNdAMCBSq1milbNl2VtXUoIa', '23', 5800, '專為多人口家庭設計，提供更大的居住空間和額外的睡眠區域。這裡是大家庭或多代同堂露營的最佳選擇，能夠讓所有成員在舒適中享受美好時光', '1張大號雙人床 + 2張單人床 + 1張沙發床', 6, '附全餐', '2024-09-02 10:44:22', '2024-09-02 10:44:22'),
(6, 'RTC01T06', '豪華型營位｜小木屋', 1, 9, 'https://blogger.googleusercontent.com/img/a/AVvXsEi2xMYdF16PiAGDXDqmbyN9unzSahdJhUXVQWYxmWhd7iXA4YDSb5l4pWJcwYeyIasVY2jZlvi5RVx1_KgxRGSpjx5qgFuv0xHaMW18Us1VwkmfW3fK2400L37Sj_cKW-SE3mZcIsCnMOqZ58FF7yWQTUn7DxFwHxc_zQQZgN9bVb9Oq5NIR8vZ2sQDeGfb', '13', 4800, '位於營地的景觀區，提供更高端的住宿體驗。內部空間寬敞，並配有舒適的家具和現代化設施，適合尋求更奢華露營體驗的客人', '1張大號雙人床 + 1張雙層床', 4, '附全餐', '2024-09-02 10:44:22', '2024-09-02 10:44:22'),
(7, 'RTC01C04', '標準型營位｜露營車', 1, 5, 'https://blogger.googleusercontent.com/img/a/AVvXsEgChQkqqivrt4UXzBtbNTWFwFypB3xs_terjGSyxft4-AwF4paQ3WoTIF-FSPI9KHGReRf76jPAsZY2i4rqZWm62-uTQDpLEN7bls4YzqlnveAbCUU4LPu2KUlXiwGz31drUyFmwqxRtyp2UScg3IjCDLAeFIJiOpe2D4K6JA25wvLfZyhHj1TTixTMfjLy', '15', 4000, '提供基本的舒適設施，適合第一次體驗露營車的旅客。這款露營車位於風景優美的地點，讓您在大自然中享受簡單而便利的戶外生活', '1張雙人床 + 1張雙層床', 4, '附晚餐', '2024-09-02 10:44:22', '2024-09-02 10:44:22'),
(8, 'RTC01C05', '家庭型營位｜露營車', 1, 4, 'https://blogger.googleusercontent.com/img/a/AVvXsEjWdoUoqh5_O-WhL9qtBrLBzGhgSJ0eoWQXAlwXpIl71YIf0sAcyu70391L5AZce86MZEYXCJ0sjhdU120zAuyujTiyhBLMTdSPXOhYqZjvyLR30ViiJORhpFmxgOzWuLMldKmxeBTuxd7Mbr0fH1FU4OHDE5H-QS4Sjz97EvXb7ODWXFvfneNkW_AUTq0h', '12', 6800, '專為多人設計為多人口家庭或團體提供更多空間和設施。這款露營車擁有額外的臥室和更大的起居區域，讓全家人都能在舒適中享受露營的樂趣', '1張大號雙人床 + 2張沙發床 + 1張上下鋪床', 6, '附全餐', '2024-09-02 10:44:22', '2024-09-02 10:44:22'),
(9, 'RTC01C06', '豪華型營位｜露營車', 1, 6, 'https://blogger.googleusercontent.com/img/a/AVvXsEgrIfGob4_0Y8yIfj_XdUhKs-VWBkuoeFRlUmJZZnGwFIq30zWD0NOOerhjV4k60-rF-bBFuRvR83pORw77fm8DZVkovNeDqiI3pktYKgCWHF8wZbP_tui50WxjteNBxRMJbGNBB0sWL4dHqdsWVzCDCYnjftJ9FRlenV0ge9lJO7VLqri9WgtiyDmwTWsf', '8', 5500, '配備高級設施，適合希望在露營中享受現代舒適生活的旅客。寬敞的內部設計和更高檔的設備，為您提供更愜意的露營體驗', '1張大號雙人床 + 1張沙發床 + 1張上下鋪床', 6, '附全餐', '2024-09-02 10:44:22', '2024-09-02 10:44:22'),
(10, 'RTC02C04', '家庭型營位｜露營車', 2, 4, 'https://blogger.googleusercontent.com/img/a/AVvXsEgChQkqqivrt4UXzBtbNTWFwFypB3xs_terjGSyxft4-AwF4paQ3WoTIF-FSPI9KHGReRf76jPAsZY2i4rqZWm62-uTQDpLEN7bls4YzqlnveAbCUU4LPu2KUlXiwGz31drUyFmwqxRtyp2UScg3IjCDLAeFIJiOpe2D4K6JA25wvLfZyhHj1TTixTMfjLy', 10, 3000, '適合家庭的露營車，提供舒適的住宿體驗', '1張雙人床 + 1張單人床', 4, '附早餐', '2024-09-29 10:00:00', '2024-09-29 10:00:00'),
(11, 'RTC02C05', '標準型營位｜露營車', 2, 5, 'https://blogger.googleusercontent.com/img/a/AVvXsEjWdoUoqh5_O-WhL9qtBrLBzGhgSJ0eoWQXAlwXpIl71YIf0sAcyu70391L5AZce86MZEYXCJ0sjhdU120zAuyujTiyhBLMTdSPXOhYqZjvyLR30ViiJORhpFmxgOzWuLMldKmxeBTuxd7Mbr0fH1FU4OHDE5H-QS4Sjz97EvXb7ODWXFvfneNkW_AUTq0h', 8, 4000, '標準型露營車提供舒適設施，適合中小家庭', '1張雙人床 + 1張沙發床', 4, '附早餐', '2024-09-29 10:00:00', '2024-09-29 10:00:00'),
(12, 'RTC02C06', '豪華型營位｜露營車', 2, 6, 'https://blogger.googleusercontent.com/img/a/AVvXsEgrIfGob4_0Y8yIfj_XdUhKs-VWBkuoeFRlUmJZZnGwFIq30zWD0NOOerhjV4k60-rF-bBFuRvR83pORw77fm8DZVkovNeDqiI3pktYKgCWHF8wZbP_tui50WxjteNBxRMJbGNBB0sWL4dHqdsWVzCDCYnjftJ9FRlenV0ge9lJO7VLqri9WgtiyDmwTWsf', 5, 5000, '豪華型露營車適合高端家庭或小團體', '1張大號雙人床 + 1張單人床', 4, '附全餐', '2024-09-29 10:00:00', '2024-09-29 10:00:00'),
(13, 'RTC02T04', '家庭型營位｜小木屋', 2, 7, 'https://blogger.googleusercontent.com/img/a/AVvXsEgSkc1QToAAaS8UD5Spd68MtkNMQG9tXh1EB5PrjKavBYkjC-Gfb3WtuQuz1OevCZkDZ_gfoe_vRCKeIDAeMWomaxMltxGmuWYH08T2I31yG3_EVr67vYl4ojGReNQ1Im3V98LqygMIt6hAKd_H9xksSN4rKPXZn-79Y7m20_mko42sRecfg9P8fMit6k2y', 6, 3500, '適合家庭的舒適小木屋，讓您享受大自然的同時有家的感覺', '1張雙人床 + 1張單人床', 3, '附早餐', '2024-09-29 10:00:00', '2024-09-29 10:00:00'),
(14, 'RTC02T05', '標準型營位｜小木屋', 2, 8, 'https://blogger.googleusercontent.com/img/a/AVvXsEig-DWGoXP6LfQGBUQZLW9b8hNDSvO2NWz5ZiYz_lvRm4ykyoPdICkcT8en-RQ7C-poIAIC09E7sNC6nFShOTSdC41hBdCMKiXF4RIdDT4BpacH8_zrKGR-XC0q3VZwcUQwHUtT0MobzEWpI2aWWcLnGpTI2KGLMb2sMCHSSNdAMCBSq1milbNl2VtXUoIa', 4, 4500, '標準型小木屋提供現代化設施，適合家庭或小型團體', '1張雙人床', 3, '附早餐', '2024-09-29 10:00:00', '2024-09-29 10:00:00'),
(15, 'RTC02T06', '豪華型營位｜小木屋', 2, 9, 'https://blogger.googleusercontent.com/img/a/AVvXsEi2xMYdF16PiAGDXDqmbyN9unzSahdJhUXVQWYxmWhd7iXA4YDSb5l4pWJcwYeyIasVY2jZlvi5RVx1_KgxRGSpjx5qgFuv0xHaMW18Us1VwkmfW3fK2400L37Sj_cKW-SE3mZcIsCnMOqZ58FF7yWQTUn7DxFwHxc_zQQZgN9bVb9Oq5NIR8vZ2sQDeGfb', 3, 6000, '豪華型小木屋提供高端設施和獨立空間', '1張大號雙人床 + 1張沙發床', 4, '附全餐', '2024-09-29 10:00:00', '2024-09-29 10:00:00'),
(16, 'RTC02B04', '家庭型營位｜帳篷', 2, 10, 'https://blogger.googleusercontent.com/img/a/AVvXsEjFBjXeGI45uwfWzs-PTlA_LZcb5EOUpj-mGBnJAL3Z8F1A5ANa3p6N8XRWjnvHmc8Da3ODZYcldbjKDDcMX5Naaa_Oa2R9vSh07ZP5-D5OUs1wS-wv7Ed53am3CcwUqkknzs73vEfOnzFBYyld4iELY9Xc11yup8EA_LOBuTr53vlG3TbONgX0E5Q9WnUr', 12, 2500, '適合家庭的帳篷，提供露營的樂趣與舒適的環境', '1張雙人床', 4, '附早餐', '2024-09-29 10:00:00', '2024-09-29 10:00:00'),
(17, 'RTC02B05', '標準型營位｜帳篷', 2, 11, 'https://blogger.googleusercontent.com/img/a/AVvXsEj87Ywtt6hu0yS03z90s88u8FbMzWg4NZ7-eARV8gNaCLrDu_HSNHbr-eFe5h7FFbrgAMmtS-Z9tSVPo29krvLMzPoxbECa3JvORtgbCh5S5Ahy-_i3X9ORHuZ_-x22MD_14Io8A31G9i24DbSeYAp3uRtFG55xmAZOZQWE_wr78UIbxmg5ZY_k_OMqUAES', 10, 3500, '標準型帳篷提供較佳的住宿體驗，適合小家庭', '1張雙人床', 3, '附早餐', '2024-09-29 10:00:00', '2024-09-29 10:00:00'),
(18, 'RTC02B06', '豪華型營位｜帳篷', 2, 12, 'https://blogger.googleusercontent.com/img/a/AVvXsEimgWX2W2B6UAxXCwLJ69MYOoXWEutSplPH-LKDdHleiu0WHqE6nxUtD_GPhtawYR600C37WoJv9pRg_ZXphOLIXFpuuTdUSsfMQhR44AyQg5qfui0Pn0t5RErJMROzazjf4XInvKvR19DqEFqqDWwhoclfcUZGjBD5G-uexXFUQQJs33mGTTrT7VuUxf5f', 8, 4500, '豪華型帳篷提供極致舒適的戶外體驗', '1張大號雙人床', 2, '附全餐', '2024-09-29 10:00:00', '2024-09-29 10:00:00'),
(19, 'RTC03C01', '家庭型營位｜露營車', 3, 4, 'https://blogger.googleusercontent.com/img/a/AVvXsEgChQkqqivrt4UXzBtbNTWFwFypB3xs_terjGSyxft4-AwF4paQ3WoTIF-FSPI9KHGReRf76jPAsZY2i4rqZWm62-uTQDpLEN7bls4YzqlnveAbCUU4LPu2KUlXiwGz31drUyFmwqxRtyp2UScg3IjCDLAeFIJiOpe2D4K6JA25wvLfZyhHj1TTixTMfjLy', 10, 10200, '為家庭旅遊設計的舒適露營車', '1張雙人床 + 2張單人床', 6, '附早餐', '2024-09-29 17:00:00', '2024-09-29 17:00:00'),
(20, 'RTC03C02', '標準型營位｜露營車', 3, 5, 'https://blogger.googleusercontent.com/img/a/AVvXsEjWdoUoqh5_O-WhL9qtBrLBzGhgSJ0eoWQXAlwXpIl71YIf0sAcyu70391L5AZce86MZEYXCJ0sjhdU120zAuyujTiyhBLMTdSPXOhYqZjvyLR30ViiJORhpFmxgOzWuLMldKmxeBTuxd7Mbr0fH1FU4OHDE5H-QS4Sjz97EvXb7ODWXFvfneNkW_AUTq0h', 8, 10800, '標準露營車，提供實用的居住空間', '1張雙人床 + 1張沙發床', 4, '附早餐和晚餐', '2024-09-29 17:00:00', '2024-09-29 17:00:00'),
(21, 'RTC03C03', '豪華型營位｜露營車', 3, 6, 'https://blogger.googleusercontent.com/img/a/AVvXsEgrIfGob4_0Y8yIfj_XdUhKs-VWBkuoeFRlUmJZZnGwFIq30zWD0NOOerhjV4k60-rF-bBFuRvR83pORw77fm8DZVkovNeDqiI3pktYKgCWHF8wZbP_tui50WxjteNBxRMJbGNBB0sWL4dHqdsWVzCDCYnjftJ9FRlenV0ge9lJO7VLqri9WgtiyDmwTWsf', 6, 15000, '豪華露營車，享受高端的露營體驗', '1張大號雙人床', 3, '附全餐', '2024-09-29 17:00:00', '2024-09-29 17:00:00'),
(22, 'RTC03T01', '家庭型營位｜小木屋', 3, 7, 'https://blogger.googleusercontent.com/img/a/AVvXsEgSkc1QToAAaS8UD5Spd68MtkNMQG9tXh1EB5PrjKavBYkjC-Gfb3WtuQuz1OevCZkDZ_gfoe_vRCKeIDAeMWomaxMltxGmuWYH08T2I31yG3_EVr67vYl4ojGReNQ1Im3V98LqygMIt6hAKd_H9xksSN4rKPXZn-79Y7m20_mko42sRecfg9P8fMit6k2y', 12, 9100, '適合全家的溫馨小木屋', '1張雙人床 + 2張單人床', 5, '附早餐和燒烤晚餐', '2024-09-29 17:00:00', '2024-09-29 17:00:00'),
(23, 'RTC03T02', '標準型營位｜小木屋', 3, 8, 'https://blogger.googleusercontent.com/img/a/AVvXsEig-DWGoXP6LfQGBUQZLW9b8hNDSvO2NWz5ZiYz_lvRm4ykyoPdICkcT8en-RQ7C-poIAIC09E7sNC6nFShOTSdC41hBdCMKiXF4RIdDT4BpacH8_zrKGR-XC0q3VZwcUQwHUtT0MobzEWpI2aWWcLnGpTI2KGLMb2sMCHSSNdAMCBSq1milbNl2VtXUoIa', 10, 9600, '舒適小木屋，為您的假期提供完美的住宿', '1張雙人床 + 1張單人床', 4, '附早餐', '2024-09-29 17:00:00', '2024-09-29 17:00:00'),
(24, 'RTC03T03', '豪華型營位｜小木屋', 3, 9, 'https://blogger.googleusercontent.com/img/a/AVvXsEi2xMYdF16PiAGDXDqmbyN9unzSahdJhUXVQWYxmWhd7iXA4YDSb5l4pWJcwYeyIasVY2jZlvi5RVx1_KgxRGSpjx5qgFuv0xHaMW18Us1VwkmfW3fK2400L37Sj_cKW-SE3mZcIsCnMOqZ58FF7yWQTUn7DxFwHxc_zQQZgN9bVb9Oq5NIR8vZ2sQDeGfb', 8, 16500, '奢華小木屋，帶來獨特的住宿體驗', '1張大號雙人床', 3, '附全餐和專屬服務', '2024-09-29 17:00:00', '2024-09-29 17:00:00'),
(25, 'RTC03B01', '家庭型營位｜帳篷', 3, 10, 'https://blogger.googleusercontent.com/img/a/AVvXsEjFBjXeGI45uwfWzs-PTlA_LZcb5EOUpj-mGBnJAL3Z8F1A5ANa3p6N8XRWjnvHmc8Da3ODZYcldbjKDDcMX5Naaa_Oa2R9vSh07ZP5-D5OUs1wS-wv7Ed53am3CcwUqkknzs73vEfOnzFBYyld4iELY9Xc11yup8EA_LOBuTr53vlG3TbONgX0E5Q9WnUr', 10, 8500, '適合家庭使用的寬敞帳篷', '1張雙人床 + 2張單人床', 5, '附早餐', '2024-09-29 17:00:00', '2024-09-29 17:00:00'),
(26, 'RTC03B02', '標準型營位｜帳篷', 3, 11, 'https://blogger.googleusercontent.com/img/a/AVvXsEj87Ywtt6hu0yS03z90s88u8FbMzWg4NZ7-eARV8gNaCLrDu_HSNHbr-eFe5h7FFbrgAMmtS-Z9tSVPo29krvLMzPoxbECa3JvORtgbCh5S5Ahy-_i3X9ORHuZ_-x22MD_14Io8A31G9i24DbSeYAp3uRtFG55xmAZOZQWE_wr78UIbxmg5ZY_k_OMqUAES', 9, 8800, '舒適標準帳篷，完美的戶外選擇', '1張雙人床', 3, '附早餐和燒烤晚餐', '2024-09-29 17:00:00', '2024-09-29 17:00:00'),
(27, 'RTC03B03', '豪華型營位｜帳篷', 3, 12, 'https://blogger.googleusercontent.com/img/a/AVvXsEimgWX2W2B6UAxXCwLJ69MYOoXWEutSplPH-LKDdHleiu0WHqE6nxUtD_GPhtawYR600C37WoJv9pRg_ZXphOLIXFpuuTdUSsfMQhR44AyQg5qfui0Pn0t5RErJMROzazjf4XInvKvR19DqEFqqDWwhoclfcUZGjBD5G-uexXFUQQJs33mGTTrT7VuUxf5f', 8, 13000, '奢華帳篷，讓您享受戶外的同時擁有高端服務', '1張大號雙人床', 2, '附全餐和專屬服務', '2024-09-29 17:00:00', '2024-09-29 17:00:00'),
(28, 'RTC04C01', '家庭型營位｜露營車', 4, 4, 'https://blogger.googleusercontent.com/img/a/AVvXsEgChQkqqivrt4UXzBtbNTWFwFypB3xs_terjGSyxft4-AwF4paQ3WoTIF-FSPI9KHGReRf76jPAsZY2i4rqZWm62-uTQDpLEN7bls4YzqlnveAbCUU4LPu2KUlXiwGz31drUyFmwqxRtyp2UScg3IjCDLAeFIJiOpe2D4K6JA25wvLfZyhHj1TTixTMfjLy', 9, 15000, '適合家庭的露營車，擁有寬敞的內部空間', '1張雙人床 + 2張單人床', 6, '附早餐', '2024-09-29 18:00:00', '2024-09-29 18:00:00'),
(29, 'RTC04C02', '標準型營位｜露營車', 4, 5, 'https://blogger.googleusercontent.com/img/a/AVvXsEjWdoUoqh5_O-WhL9qtBrLBzGhgSJ0eoWQXAlwXpIl71YIf0sAcyu70391L5AZce86MZEYXCJ0sjhdU120zAuyujTiyhBLMTdSPXOhYqZjvyLR30ViiJORhpFmxgOzWuLMldKmxeBTuxd7Mbr0fH1FU4OHDE5H-QS4Sjz97EvXb7ODWXFvfneNkW_AUTq0h', 8, 14000, '適合小家庭或情侶的標準露營車', '1張雙人床', 4, '附早餐和晚餐', '2024-09-29 18:00:00', '2024-09-29 18:00:00'),
(30, 'RTC04C03', '豪華型營位｜露營車', 4, 6, 'https://blogger.googleusercontent.com/img/a/AVvXsEgrIfGob4_0Y8yIfj_XdUhKs-VWBkuoeFRlUmJZZnGwFIq30zWD0NOOerhjV4k60-rF-bBFuRvR83pORw77fm8DZVkovNeDqiI3pktYKgCWHF8wZbP_tui50WxjteNBxRMJbGNBB0sWL4dHqdsWVzCDCYnjftJ9FRlenV0ge9lJO7VLqri9WgtiyDmwTWsf', 6, 23000, '豪華露營車，提供高端設施與私人空間', '1張大號雙人床', 3, '附全餐', '2024-09-29 18:00:00', '2024-09-29 18:00:00'),
(31, 'RTC04T01', '家庭型營位｜小木屋', 4, 7, 'https://blogger.googleusercontent.com/img/a/AVvXsEgSkc1QToAAaS8UD5Spd68MtkNMQG9tXh1EB5PrjKavBYkjC-Gfb3WtuQuz1OevCZkDZ_gfoe_vRCKeIDAeMWomaxMltxGmuWYH08T2I31yG3_EVr67vYl4ojGReNQ1Im3V98LqygMIt6hAKd_H9xksSN4rKPXZn-79Y7m20_mko42sRecfg9P8fMit6k2y', 10, 13000, '溫馨家庭小木屋，適合家人或團體入住', '1張雙人床 + 1張單人床', 5, '附早餐', '2024-09-29 18:00:00', '2024-09-29 18:00:00'),
(32, 'RTC04T02', '標準型營位｜小木屋', 4, 8, 'https://blogger.googleusercontent.com/img/a/AVvXsEig-DWGoXP6LfQGBUQZLW9b8hNDSvO2NWz5ZiYz_lvRm4ykyoPdICkcT8en-RQ7C-poIAIC09E7sNC6nFShOTSdC41hBdCMKiXF4RIdDT4BpacH8_zrKGR-XC0q3VZwcUQwHUtT0MobzEWpI2aWWcLnGpTI2KGLMb2sMCHSSNdAMCBSq1milbNl2VtXUoIa', 9, 12500, '適合小型家庭或朋友的標準小木屋', '1張雙人床', 4, '附早餐和燒烤晚餐', '2024-09-29 18:00:00', '2024-09-29 18:00:00'),
(33, 'RTC04T03', '豪華型營位｜小木屋', 4, 9, 'https://blogger.googleusercontent.com/img/a/AVvXsEi2xMYdF16PiAGDXDqmbyN9unzSahdJhUXVQWYxmWhd7iXA4YDSb5l4pWJcwYeyIasVY2jZlvi5RVx1_KgxRGSpjx5qgFuv0xHaMW18Us1VwkmfW3fK2400L37Sj_cKW-SE3mZcIsCnMOqZ58FF7yWQTUn7DxFwHxc_zQQZgN9bVb9Oq5NIR8vZ2sQDeGfb', 7, 24000, '豪華小木屋，提供頂級設施與景觀', '1張大號雙人床', 3, '附全餐', '2024-09-29 18:00:00', '2024-09-29 18:00:00'),
(34, 'RTC04B01', '家庭型營位｜帳篷', 4, 10, 'https://blogger.googleusercontent.com/img/a/AVvXsEjFBjXeGI45uwfWzs-PTlA_LZcb5EOUpj-mGBnJAL3Z8F1A5ANa3p6N8XRWjnvHmc8Da3ODZYcldbjKDDcMX5Naaa_Oa2R9vSh07ZP5-D5OUs1wS-wv7Ed53am3CcwUqkknzs73vEfOnzFBYyld4iELY9Xc11yup8EA_LOBuTr53vlG3TbONgX0E5Q9WnUr', 12, 12000, '適合家庭的舒適帳篷', '1張雙人床 + 2張單人床', 5, '附早餐', '2024-09-29 18:00:00', '2024-09-29 18:00:00'),
(35, 'RTC04B02', '標準型營位｜帳篷', 4, 11, 'https://blogger.googleusercontent.com/img/a/AVvXsEj87Ywtt6hu0yS03z90s88u8FbMzWg4NZ7-eARV8gNaCLrDu_HSNHbr-eFe5h7FFbrgAMmtS-Z9tSVPo29krvLMzPoxbECa3JvORtgbCh5S5Ahy-_i3X9ORHuZ_-x22MD_14Io8A31G9i24DbSeYAp3uRtFG55xmAZOZQWE_wr78UIbxmg5ZY_k_OMqUAES', 10, 11000, '適合情侶或小家庭的標準帳篷', '1張雙人床', 3, '附早餐和燒烤晚餐', '2024-09-29 18:00:00', '2024-09-29 18:00:00'),
(36, 'RTC04B03', '豪華型營位｜帳篷', 4, 12, 'https://blogger.googleusercontent.com/img/a/AVvXsEimgWX2W2B6UAxXCwLJ69MYOoXWEutSplPH-LKDdHleiu0WHqE6nxUtD_GPhtawYR600C37WoJv9pRg_ZXphOLIXFpuuTdUSsfMQhR44AyQg5qfui0Pn0t5RErJMROzazjf4XInvKvR19DqEFqqDWwhoclfcUZGjBD5G-uexXFUQQJs33mGTTrT7VuUxf5f', 8, 17000, '豪華帳篷，提供高端露營體驗', '1張大號雙人床', 2, '附全餐和私人服務', '2024-09-29 18:00:00', '2024-09-29 18:00:00'),
(37, 'RTC05C01', '家庭型營位｜露營車', 5, 4, 'https://blogger.googleusercontent.com/img/a/AVvXsEgChQkqqivrt4UXzBtbNTWFwFypB3xs_terjGSyxft4-AwF4paQ3WoTIF-FSPI9KHGReRf76jPAsZY2i4rqZWm62-uTQDpLEN7bls4YzqlnveAbCUU4LPu2KUlXiwGz31drUyFmwqxRtyp2UScg3IjCDLAeFIJiOpe2D4K6JA25wvLfZyhHj1TTixTMfjLy', 10, 10500, '舒適的家庭型露營車，適合家庭旅遊', '1張雙人床 + 2張單人床', 6, '附早餐', '2024-09-29 17:00:00', '2024-09-29 17:00:00'),
(38, 'RTC05C02', '標準型營位｜露營車', 5, 5, 'https://blogger.googleusercontent.com/img/a/AVvXsEjWdoUoqh5_O-WhL9qtBrLBzGhgSJ0eoWQXAlwXpIl71YIf0sAcyu70391L5AZce86MZEYXCJ0sjhdU120zAuyujTiyhBLMTdSPXOhYqZjvyLR30ViiJORhpFmxgOzWuLMldKmxeBTuxd7Mbr0fH1FU4OHDE5H-QS4Sjz97EvXb7ODWXFvfneNkW_AUTq0h', 8, 11000, '實用的標準型露營車，為您提供舒適的住宿', '1張雙人床 + 1張沙發床', 4, '附早餐和晚餐', '2024-09-29 17:00:00', '2024-09-29 17:00:00'),
(39, 'RTC05C03', '豪華型營位｜露營車', 5, 6, 'https://blogger.googleusercontent.com/img/a/AVvXsEgrIfGob4_0Y8yIfj_XdUhKs-VWBkuoeFRlUmJZZnGwFIq30zWD0NOOerhjV4k60-rF-bBFuRvR83pORw77fm8DZVkovNeDqiI3pktYKgCWHF8wZbP_tui50WxjteNBxRMJbGNBB0sWL4dHqdsWVzCDCYnjftJ9FRlenV0ge9lJO7VLqri9WgtiyDmwTWsf', 6, 15500, '高端豪華露營車，享受奢華的露營體驗', '1張大號雙人床', 3, '附全餐', '2024-09-29 17:00:00', '2024-09-29 17:00:00'),
(40, 'RTC05T01', '家庭型營位｜小木屋', 5, 7, 'https://blogger.googleusercontent.com/img/a/AVvXsEgSkc1QToAAaS8UD5Spd68MtkNMQG9tXh1EB5PrjKavBYkjC-Gfb3WtuQuz1OevCZkDZ_gfoe_vRCKeIDAeMWomaxMltxGmuWYH08T2I31yG3_EVr67vYl4ojGReNQ1Im3V98LqygMIt6hAKd_H9xksSN4rKPXZn-79Y7m20_mko42sRecfg9P8fMit6k2y', 12, 9500, '為家庭設計的溫馨小木屋', '1張雙人床 + 2張單人床', 5, '附早餐和燒烤晚餐', '2024-09-29 17:00:00', '2024-09-29 17:00:00'),
(41, 'RTC05T02', '標準型營位｜小木屋', 5, 8, 'https://blogger.googleusercontent.com/img/a/AVvXsEig-DWGoXP6LfQGBUQZLW9b8hNDSvO2NWz5ZiYz_lvRm4ykyoPdICkcT8en-RQ7C-poIAIC09E7sNC6nFShOTSdC41hBdCMKiXF4RIdDT4BpacH8_zrKGR-XC0q3VZwcUQwHUtT0MobzEWpI2aWWcLnGpTI2KGLMb2sMCHSSNdAMCBSq1milbNl2VtXUoIa', 10, 9800, '標準小木屋，為您提供舒適的假期', '1張雙人床 + 1張單人床', 4, '附早餐', '2024-09-29 17:00:00', '2024-09-29 17:00:00'),
(42, 'RTC05T03', '豪華型營位｜小木屋', 5, 9, 'https://blogger.googleusercontent.com/img/a/AVvXsEi2xMYdF16PiAGDXDqmbyN9unzSahdJhUXVQWYxmWhd7iXA4YDSb5l4pWJcwYeyIasVY2jZlvi5RVx1_KgxRGSpjx5qgFuv0xHaMW18Us1VwkmfW3fK2400L37Sj_cKW-SE3mZcIsCnMOqZ58FF7yWQTUn7DxFwHxc_zQQZgN9bVb9Oq5NIR8vZ2sQDeGfb', 8, 17000, '奢華的小木屋，讓您擁有獨特的住宿體驗', '1張大號雙人床', 3, '附全餐和專屬服務', '2024-09-29 17:00:00', '2024-09-29 17:00:00'),
(43, 'RTC05B01', '家庭型營位｜帳篷', 5, 10, 'https://blogger.googleusercontent.com/img/a/AVvXsEjFBjXeGI45uwfWzs-PTlA_LZcb5EOUpj-mGBnJAL3Z8F1A5ANa3p6N8XRWjnvHmc8Da3ODZYcldbjKDDcMX5Naaa_Oa2R9vSh07ZP5-D5OUs1wS-wv7Ed53am3CcwUqkknzs73vEfOnzFBYyld4iELY9Xc11yup8EA_LOBuTr53vlG3TbONgX0E5Q9WnUr', 10, 8800, '適合全家的寬敞帳篷', '1張雙人床 + 2張單人床', 5, '附早餐', '2024-09-29 17:00:00', '2024-09-29 17:00:00'),
(44, 'RTC05B02', '標準型營位｜帳篷', 5, 11, 'https://blogger.googleusercontent.com/img/a/AVvXsEj87Ywtt6hu0yS03z90s88u8FbMzWg4NZ7-eARV8gNaCLrDu_HSNHbr-eFe5h7FFbrgAMmtS-Z9tSVPo29krvLMzPoxbECa3JvORtgbCh5S5Ahy-_i3X9ORHuZ_-x22MD_14Io8A31G9i24DbSeYAp3uRtFG55xmAZOZQWE_wr78UIbxmg5ZY_k_OMqUAES', 9, 9100, '舒適標準帳篷，適合戶外活動', '1張雙人床', 3, '附早餐和燒烤晚餐', '2024-09-29 17:00:00', '2024-09-29 17:00:00'),
(45, 'RTC05B03', '豪華型營位｜帳篷', 5, 12, 'https://blogger.googleusercontent.com/img/a/AVvXsEimgWX2W2B6UAxXCwLJ69MYOoXWEutSplPH-LKDdHleiu0WHqE6nxUtD_GPhtawYR600C37WoJv9pRg_ZXphOLIXFpuuTdUSsfMQhR44AyQg5qfui0Pn0t5RErJMROzazjf4XInvKvR19DqEFqqDWwhoclfcUZGjBD5G-uexXFUQQJs33mGTTrT7VuUxf5f', 8, 13500, '奢華帳篷，提供獨特的戶外住宿體驗', '1張大號雙人床', 2, '附全餐和專屬服務', '2024-09-29 17:00:00', '2024-09-29 17:00:00'),
(46, 'RTC06C01', '家庭型營位｜露營車', 6, 4, 'https://blogger.googleusercontent.com/img/a/AVvXsEgChQkqqivrt4UXzBtbNTWFwFypB3xs_terjGSyxft4-AwF4paQ3WoTIF-FSPI9KHGReRf76jPAsZY2i4rqZWm62-uTQDpLEN7bls4YzqlnveAbCUU4LPu2KUlXiwGz31drUyFmwqxRtyp2UScg3IjCDLAeFIJiOpe2D4K6JA25wvLfZyhHj1TTixTMfjLy', 10, 11200, '舒適的家庭型露營車，適合家庭旅遊', '1張雙人床 + 2張單人床', 6, '附早餐', '2024-09-29 17:00:00', '2024-09-29 17:00:00'),
(47, 'RTC06C02', '標準型營位｜露營車', 6, 5, 'https://blogger.googleusercontent.com/img/a/AVvXsEjWdoUoqh5_O-WhL9qtBrLBzGhgSJ0eoWQXAlwXpIl71YIf0sAcyu70391L5AZce86MZEYXCJ0sjhdU120zAuyujTiyhBLMTdSPXOhYqZjvyLR30ViiJORhpFmxgOzWuLMldKmxeBTuxd7Mbr0fH1FU4OHDE5H-QS4Sjz97EvXb7ODWXFvfneNkW_AUTq0h', 8, 11500, '實用的標準型露營車，為您提供舒適的住宿', '1張雙人床 + 1張沙發床', 4, '附早餐和晚餐', '2024-09-29 17:00:00', '2024-09-29 17:00:00'),
(48, 'RTC06C03', '豪華型營位｜露營車', 6, 6, 'https://blogger.googleusercontent.com/img/a/AVvXsEgrIfGob4_0Y8yIfj_XdUhKs-VWBkuoeFRlUmJZZnGwFIq30zWD0NOOerhjV4k60-rF-bBFuRvR83pORw77fm8DZVkovNeDqiI3pktYKgCWHF8wZbP_tui50WxjteNBxRMJbGNBB0sWL4dHqdsWVzCDCYnjftJ9FRlenV0ge9lJO7VLqri9WgtiyDmwTWsf', 6, 16000, '高端豪華露營車，享受奢華的露營體驗', '1張大號雙人床', 3, '附全餐', '2024-09-29 17:00:00', '2024-09-29 17:00:00'),
(49, 'RTC06T01', '家庭型營位｜小木屋', 6, 7, 'family_cabin6001.jpg,family_cabin6002.jpg', 12, 10000, '為家庭設計的溫馨小木屋', '1張雙人床 + 2張單人床', 5, '附早餐和燒烤晚餐', '2024-09-29 17:00:00', '2024-09-29 17:00:00'),
(50, 'RTC06T02', '標準型營位｜小木屋', 6, 8, 'standard_cabin6001.jpg,standard_cabin6002.jpg', 10, 10200, '標準小木屋，為您提供舒適的假期', '1張雙人床 + 1張單人床', 4, '附早餐', '2024-09-29 17:00:00', '2024-09-29 17:00:00'),
(51, 'RTC06T03', '豪華型營位｜小木屋', 6, 9, 'luxury_cabin6001.jpg,luxury_cabin6002.jpg', 8, 17500, '奢華的小木屋，讓您擁有獨特的住宿體驗', '1張大號雙人床', 3, '附全餐和專屬服務', '2024-09-29 17:00:00', '2024-09-29 17:00:00'),
(52, 'RTC06B01', '家庭型營位｜帳篷', 6, 10, 'https://blogger.googleusercontent.com/img/a/AVvXsEjFBjXeGI45uwfWzs-PTlA_LZcb5EOUpj-mGBnJAL3Z8F1A5ANa3p6N8XRWjnvHmc8Da3ODZYcldbjKDDcMX5Naaa_Oa2R9vSh07ZP5-D5OUs1wS-wv7Ed53am3CcwUqkknzs73vEfOnzFBYyld4iELY9Xc11yup8EA_LOBuTr53vlG3TbONgX0E5Q9WnUr', 10, 9000, '適合全家的寬敞帳篷', '1張雙人床 + 2張單人床', 5, '附早餐', '2024-09-29 17:00:00', '2024-09-29 17:00:00'),
(53, 'RTC06B02', '標準型營位｜帳篷', 6, 11, 'https://blogger.googleusercontent.com/img/a/AVvXsEj87Ywtt6hu0yS03z90s88u8FbMzWg4NZ7-eARV8gNaCLrDu_HSNHbr-eFe5h7FFbrgAMmtS-Z9tSVPo29krvLMzPoxbECa3JvORtgbCh5S5Ahy-_i3X9ORHuZ_-x22MD_14Io8A31G9i24DbSeYAp3uRtFG55xmAZOZQWE_wr78UIbxmg5ZY_k_OMqUAES', 9, 9500, '舒適標準帳篷，適合戶外活動', '1張雙人床', 3, '附早餐和燒烤晚餐', '2024-09-29 17:00:00', '2024-09-29 17:00:00'),
(54, 'RTC06B03', '豪華型營位｜帳篷', 6, 12, 'https://blogger.googleusercontent.com/img/a/AVvXsEimgWX2W2B6UAxXCwLJ69MYOoXWEutSplPH-LKDdHleiu0WHqE6nxUtD_GPhtawYR600C37WoJv9pRg_ZXphOLIXFpuuTdUSsfMQhR44AyQg5qfui0Pn0t5RErJMROzazjf4XInvKvR19DqEFqqDWwhoclfcUZGjBD5G-uexXFUQQJs33mGTTrT7VuUxf5f', 8, 14000, '奢華帳篷，提供獨特的戶外住宿體驗', '1張大號雙人床', 2, '附全餐和專屬服務', '2024-09-29 17:00:00', '2024-09-29 17:00:00'),
(55, 'RTC07C01', '家庭型營位｜露營車', 7, 4, 'https://blogger.googleusercontent.com/img/a/AVvXsEgChQkqqivrt4UXzBtbNTWFwFypB3xs_terjGSyxft4-AwF4paQ3WoTIF-FSPI9KHGReRf76jPAsZY2i4rqZWm62-uTQDpLEN7bls4YzqlnveAbCUU4LPu2KUlXiwGz31drUyFmwqxRtyp2UScg3IjCDLAeFIJiOpe2D4K6JA25wvLfZyhHj1TTixTMfjLy', 12, 11000, '專為家庭設計的露營車，提供舒適的住宿', '1張雙人床 + 2張單人床', 6, '附早餐', '2024-09-29 17:00:00', '2024-09-29 17:00:00'),
(56, 'RTC07C02', '標準型營位｜露營車', 7, 5, 'https://blogger.googleusercontent.com/img/a/AVvXsEjWdoUoqh5_O-WhL9qtBrLBzGhgSJ0eoWQXAlwXpIl71YIf0sAcyu70391L5AZce86MZEYXCJ0sjhdU120zAuyujTiyhBLMTdSPXOhYqZjvyLR30ViiJORhpFmxgOzWuLMldKmxeBTuxd7Mbr0fH1FU4OHDE5H-QS4Sjz97EvXb7ODWXFvfneNkW_AUTq0h', 10, 11500, '舒適的標準露營車，適合小家庭', '1張雙人床 + 1張單人床', 4, '附早餐和晚餐', '2024-09-29 17:00:00', '2024-09-29 17:00:00'),
(57, 'RTC07C03', '豪華型營位｜露營車', 7, 6, 'https://blogger.googleusercontent.com/img/a/AVvXsEgrIfGob4_0Y8yIfj_XdUhKs-VWBkuoeFRlUmJZZnGwFIq30zWD0NOOerhjV4k60-rF-bBFuRvR83pORw77fm8DZVkovNeDqiI3pktYKgCWHF8wZbP_tui50WxjteNBxRMJbGNBB0sWL4dHqdsWVzCDCYnjftJ9FRlenV0ge9lJO7VLqri9WgtiyDmwTWsf', 8, 16500, '豪華露營車，提供優雅的露營體驗', '1張大號雙人床', 3, '附全餐', '2024-09-29 17:00:00', '2024-09-29 17:00:00'),
(58, 'RTC07T01', '家庭型營位｜小木屋', 7, 7, 'family_cabin7001.jpg,family_cabin7002.jpg', 14, 10500, '溫馨家庭小木屋，讓您有如回到家般的舒適感', '1張雙人床 + 2張單人床', 5, '附早餐和燒烤晚餐', '2024-09-29 17:00:00', '2024-09-29 17:00:00'),
(59, 'RTC07T02', '標準型營位｜小木屋', 7, 8, 'standard_cabin7001.jpg,standard_cabin7002.jpg', 11, 10800, '適合家庭的標準小木屋，提供放鬆的環境', '1張雙人床 + 1張單人床', 4, '附早餐', '2024-09-29 17:00:00', '2024-09-29 17:00:00'),
(60, 'RTC07T03', '豪華型營位｜小木屋', 7, 9, 'luxury_cabin7001.jpg,luxury_cabin7002.jpg', 9, 18000, '高端豪華小木屋，帶來奢華的露營體驗', '1張大號雙人床', 3, '附全餐和專屬服務', '2024-09-29 17:00:00', '2024-09-29 17:00:00'),
(61, 'RTC07B01', '家庭型營位｜帳篷', 7, 10, 'family_tent7001.jpg,family_tent7002.jpg', 10, 9500, '寬敞的家庭帳篷，適合全家人使用', '1張雙人床 + 2張單人床', 5, '附早餐', '2024-09-29 17:00:00', '2024-09-29 17:00:00'),
(62, 'RTC07B02', '標準型營位｜帳篷', 7, 11, 'standard_tent7001.jpg,standard_tent7002.jpg', 9, 9900, '舒適的標準帳篷，適合戶外活動', '1張雙人床', 3, '附早餐和燒烤晚餐', '2024-09-29 17:00:00', '2024-09-29 17:00:00'),
(63, 'RTC07B03', '豪華型營位｜帳篷', 7, 12, 'luxury_tent7001.jpg,luxury_tent7002.jpg', 8, 14500, '奢華帳篷，為您提供獨特的戶外住宿體驗', '1張大號雙人床', 2, '附全餐和專屬服務', '2024-09-29 17:00:00', '2024-09-29 17:00:00'),
(64, 'RTC08C01', '家庭型營位｜露營車', 8, 4, 'family_rv8001.jpg,family_rv8002.jpg', 10, 12000, '適合全家的露營車，提供寬敞舒適的空間', '1張雙人床 + 2張單人床', 6, '附早餐', '2024-09-29 17:00:00', '2024-09-29 17:00:00'),
(65, 'RTC08C02', '標準型營位｜露營車', 8, 5, 'standard_rv8001.jpg,standard_rv8002.jpg', 8, 12500, '標準露營車，讓您享受舒適的戶外生活', '1張雙人床', 4, '附早餐和晚餐', '2024-09-29 17:00:00', '2024-09-29 17:00:00'),
(66, 'RTC08C03', '豪華型營位｜露營車', 8, 6, 'luxury_rv8001.jpg,luxury_rv8002.jpg', 6, 18000, '豪華露營車，帶給您無與倫比的露營體驗', '1張大號雙人床', 3, '附全餐', '2024-09-29 17:00:00', '2024-09-29 17:00:00'),
(67, 'RTC08T01', '家庭型營位｜小木屋', 8, 7, 'family_cabin8001.jpg,family_cabin8002.jpg', 11, 11500, '溫馨的小木屋，讓您的露營更有家的感覺', '1張雙人床 + 1張單人床', 5, '附早餐', '2024-09-29 17:00:00', '2024-09-29 17:00:00'),
(68, 'RTC08T02', '標準型營位｜小木屋', 8, 8, 'standard_cabin8001.jpg,standard_cabin8002.jpg', 9, 12000, '標準小木屋，適合小型家庭入住', '1張雙人床', 4, '附早餐和燒烤晚餐', '2024-09-29 17:00:00', '2024-09-29 17:00:00'),
(69, 'RTC08T03', '豪華型營位｜小木屋', 8, 9, 'luxury_cabin8001.jpg,luxury_cabin8002.jpg', 7, 19500, '高端小木屋，提供奢華的住宿體驗', '1張大號雙人床', 3, '附全餐', '2024-09-29 17:00:00', '2024-09-29 17:00:00'),
(70, 'RTC08B01', '家庭型營位｜帳篷', 8, 10, 'family_tent8001.jpg,family_tent8002.jpg', 12, 10000, '適合全家人一起露營的寬敞帳篷', '1張雙人床 + 2張單人床', 5, '附早餐', '2024-09-29 17:00:00', '2024-09-29 17:00:00'),
(71, 'RTC08B02', '標準型營位｜帳篷', 8, 11, 'standard_tent8001.jpg,standard_tent8002.jpg', 10, 10500, '標準帳篷，適合小家庭或朋友聚會', '1張雙人床', 3, '附早餐和燒烤晚餐', '2024-09-29 17:00:00', '2024-09-29 17:00:00'),
(72, 'RTC08B03', '豪華型營位｜帳篷', 8, 12, 'luxury_tent8001.jpg,luxury_tent8002.jpg', 8, 15000, '豪華帳篷，提供奢華的露營體驗', '1張大號雙人床', 2, '附全餐和專屬服務', '2024-09-29 17:00:00', '2024-09-29 17:00:00'),
(73, 'RTC09C01', '家庭型營位｜露營車', 9, 4, 'family_rv9001.jpg,family_rv9002.jpg', 10, 13000, '適合家庭出遊的舒適露營車，提供完整的設施', '1張雙人床 + 1張單人床', 6, '附早餐', '2024-09-29 17:00:00', '2024-09-29 17:00:00'),
(74, 'RTC09C02', '標準型營位｜露營車', 9, 5, 'standard_rv9001.jpg,standard_rv9002.jpg', 8, 13500, '舒適的標準露營車，讓您的旅程更加便利', '1張雙人床', 4, '附早餐和晚餐', '2024-09-29 17:00:00', '2024-09-29 17:00:00'),
(75, 'RTC09C03', '豪華型營位｜露營車', 9, 6, 'luxury_rv9001.jpg,luxury_rv9002.jpg', 6, 20000, '豪華露營車，享受五星級的戶外住宿體驗', '1張大號雙人床', 3, '附全餐', '2024-09-29 17:00:00', '2024-09-29 17:00:00'),
(76, 'RTC09T01', '家庭型營位｜小木屋', 9, 7, 'family_cabin9001.jpg,family_cabin9002.jpg', 11, 12500, '家庭式小木屋，帶給您溫馨的住宿感受', '1張雙人床 + 1張單人床', 5, '附早餐', '2024-09-29 17:00:00', '2024-09-29 17:00:00'),
(77, 'RTC09T02', '標準型營位｜小木屋', 9, 8, 'standard_cabin9001.jpg,standard_cabin9002.jpg', 9, 13000, '標準小木屋，適合小型家庭入住', '1張雙人床', 4, '附早餐和燒烤晚餐', '2024-09-29 17:00:00', '2024-09-29 17:00:00'),
(78, 'RTC09T03', '豪華型營位｜小木屋', 9, 9, 'luxury_cabin9001.jpg,luxury_cabin9002.jpg', 7, 21000, '奢華小木屋，讓您體驗無與倫比的舒適', '1張大號雙人床', 3, '附全餐', '2024-09-29 17:00:00', '2024-09-29 17:00:00'),
(79, 'RTC09B01', '家庭型營位｜帳篷', 9, 10, 'family_tent9001.jpg,family_tent9002.jpg', 12, 11000, '寬敞舒適的家庭帳篷，適合全家共享', '1張雙人床 + 2張單人床', 5, '附早餐', '2024-09-29 17:00:00', '2024-09-29 17:00:00'),
(80, 'RTC09B02', '標準型營位｜帳篷', 9, 11, 'standard_tent9001.jpg,standard_tent9002.jpg', 10, 11500, '標準帳篷，為小型聚會提供舒適空間', '1張雙人床', 3, '附早餐和燒烤晚餐', '2024-09-29 17:00:00', '2024-09-29 17:00:00'),
(81, 'RTC09B03', '豪華型營位｜帳篷', 9, 12, 'luxury_tent9001.jpg,luxury_tent9002.jpg', 8, 16000, '豪華帳篷，提供高端的戶外住宿體驗', '1張大號雙人床', 2, '附全餐和專屬服務', '2024-09-29 17:00:00', '2024-09-29 17:00:00'),
(82, 'RTC10C01', '家庭型營位｜露營車', 10, 4, 'family_rv1001.jpg,family_rv1002.jpg', 10, 14000, '適合家庭的露營車，內部設計舒適實用', '1張雙人床 + 1張單人床', 6, '附早餐', '2024-09-29 17:00:00', '2024-09-29 17:00:00'),
(83, 'RTC10C02', '標準型營位｜露營車', 10, 5, 'standard_rv1001.jpg,standard_rv1002.jpg', 8, 14500, '標準露營車，適合中型家庭入住', '1張雙人床', 4, '附早餐和晚餐', '2024-09-29 17:00:00', '2024-09-29 17:00:00'),
(84, 'RTC10C03', '豪華型營位｜露營車', 10, 6, 'luxury_rv1001.jpg,luxury_rv1002.jpg', 6, 22000, '豪華露營車，讓您的戶外旅行變得無比享受', '1張大號雙人床', 3, '附全餐', '2024-09-29 17:00:00', '2024-09-29 17:00:00'),
(85, 'RTC10T01', '家庭型營位｜小木屋', 10, 7, 'family_cabin1001.jpg,family_cabin1002.jpg', 11, 13000, '溫馨的家庭小木屋，適合家庭聚會', '1張雙人床 + 1張單人床', 5, '附早餐', '2024-09-29 17:00:00', '2024-09-29 17:00:00'),
(86, 'RTC10T02', '標準型營位｜小木屋', 10, 8, 'standard_cabin1001.jpg,standard_cabin1002.jpg', 9, 13500, '標準小木屋，適合小家庭及朋友團體', '1張雙人床', 4, '附早餐和燒烤晚餐', '2024-09-29 17:00:00', '2024-09-29 17:00:00'),
(87, 'RTC10T03', '豪華型營位｜小木屋', 10, 9, 'luxury_cabin1001.jpg,luxury_cabin1002.jpg', 7, 23000, '豪華小木屋，讓您享受獨特的住宿體驗', '1張大號雙人床', 3, '附全餐', '2024-09-29 17:00:00', '2024-09-29 17:00:00'),
(88, 'RTC10B01', '家庭型營位｜帳篷', 10, 10, 'family_tent1001.jpg,family_tent1002.jpg', 12, 12000, '適合家庭的帳篷，寬敞且舒適', '1張雙人床 + 2張單人床', 5, '附早餐', '2024-09-29 17:00:00', '2024-09-29 17:00:00'),
(89, 'RTC10B02', '標準型營位｜帳篷', 10, 11, 'standard_tent1001.jpg,standard_tent1002.jpg', 10, 12500, '標準帳篷，適合小型聚會', '1張雙人床', 3, '附早餐和燒烤晚餐', '2024-09-29 17:00:00', '2024-09-29 17:00:00'),
(90, 'RTC10B03', '豪華型營位｜帳篷', 10, 12, 'luxury_tent1001.jpg,luxury_tent1002.jpg', 8, 17000, '豪華帳篷，讓您的露營體驗更為精緻', '1張大號雙人床', 2, '附全餐和專屬服務', '2024-09-29 17:00:00', '2024-09-29 17:00:00'),
(91, 'RTC11C01', '家庭型營位｜露營車', 11, 4, 'family_rv21.jpg,family_rv22.jpg', 9, 4000, '家庭露營車，適合全家出遊，享受郊外的樂趣', '1張雙人床 + 1張上下鋪', 5, '附早餐和晚餐', '2024-09-29 12:00:00', '2024-09-29 12:00:00'),
(92, 'RTC11C02', '標準型營位｜露營車', 11, 5, 'standard_rv21.jpg,standard_rv22.jpg', 8, 5200, '標準露營車，適合小型家庭或朋友一同露營', '1張雙人床 + 1張沙發床', 4, '附早餐', '2024-09-29 12:00:00', '2024-09-29 12:00:00'),
(93, 'RTC11C03', '豪華型營位｜露營車', 11, 6, 'luxury_rv21.jpg,luxury_rv22.jpg', 7, 6800, '豪華露營車，提供舒適的設備和享受', '1張大號雙人床 + 1張單人床', 4, '附全餐和下午茶', '2024-09-29 12:00:00', '2024-09-29 12:00:00'),
(94, 'RTC11T01', '家庭型營位｜小木屋', 11, 7, 'family_cabin21.jpg,family_cabin22.jpg', 8, 4300, '家庭小木屋，讓全家一起體驗森林中的舒適住宿', '1張雙人床 + 1張單人床', 4, '附早餐和戶外燒烤', '2024-09-29 12:00:00', '2024-09-29 12:00:00'),
(95, 'RTC11T02', '標準型營位｜小木屋', 11, 8, 'standard_cabin21.jpg,standard_cabin22.jpg', 6, 5500, '標準小木屋，提供簡單且舒適的住宿體驗', '1張雙人床', 3, '附早餐和午餐', '2024-09-29 12:00:00', '2024-09-29 12:00:00'),
(96, 'RTC11T03', '豪華型營位｜小木屋', 11, 9, 'luxury_cabin21.jpg,luxury_cabin22.jpg', 5, 7800, '豪華小木屋，享受頂級設備和周圍自然景觀', '1張大號雙人床 + 1張沙發床', 4, '附全餐和私人導覽', '2024-09-29 12:00:00', '2024-09-29 12:00:00'),
(97, 'RTC11B01', '家庭型營位｜帳篷', 11, 10, 'family_tent21.jpg,family_tent22.jpg', 9, 3600, '家庭帳篷，適合父母和孩子一起露營', '1張雙人床', 4, '附早餐和晚餐', '2024-09-29 12:00:00', '2024-09-29 12:00:00'),
(98, 'RTC11B02', '標準型營位｜帳篷', 11, 11, 'standard_tent21.jpg,standard_tent22.jpg', 7, 4800, '標準帳篷，為小型團體提供露營樂趣', '1張雙人床', 3, '附早餐和戶外BBQ', '2024-09-29 12:00:00', '2024-09-29 12:00:00'),
(99, 'RTC11B03', '豪華型營位｜帳篷', 11, 12, 'luxury_tent21.jpg,luxury_tent22.jpg', 8, 6000, '豪華帳篷，提供舒適的戶外住宿體驗和美景', '1張大號雙人床', 2, '附全餐和營火晚會', '2024-09-29 12:00:00', '2024-09-29 12:00:00'),
(100, 'RTC12C01', '家庭型營位｜露營車', 12, 4, 'family_rv31.jpg,family_rv32.jpg', 10, 3900, '家庭露營車，提供充足的空間和設施，適合親子共度美好時光', '1張雙人床 + 2張單人床', 5, '附早餐', '2024-09-29 13:00:00', '2024-09-29 13:00:00'),
(101, 'RTC12C02', '標準型營位｜露營車', 12, 5, 'standard_rv31.jpg,standard_rv32.jpg', 8, 5000, '標準露營車，提供舒適的住宿環境，適合朋友或小家庭露營', '1張雙人床 + 1張沙發床', 4, '附早餐和下午茶', '2024-09-29 13:00:00', '2024-09-29 13:00:00'),
(102, 'RTC12C03', '豪華型營位｜露營車', 12, 6, 'luxury_rv31.jpg,luxury_rv32.jpg', 7, 6700, '豪華露營車，配備現代化設施，適合高端露營體驗', '1張大號雙人床 + 1張沙發床', 4, '附全餐和私人活動', '2024-09-29 13:00:00', '2024-09-29 13:00:00'),
(103, 'RTC12T01', '家庭型營位｜小木屋', 12, 7, 'family_cabin31.jpg,family_cabin32.jpg', 9, 4200, '家庭小木屋，安靜且舒適，適合全家入住', '1張雙人床 + 2張單人床', 5, '附早餐和燒烤晚餐', '2024-09-29 13:00:00', '2024-09-29 13:00:00'),
(104, 'RTC12T02', '標準型營位｜小木屋', 12, 8, 'standard_cabin31.jpg,standard_cabin32.jpg', 6, 5400, '標準小木屋，提供現代化設施和溫馨住宿', '1張雙人床', 3, '附早餐和午餐', '2024-09-29 13:00:00', '2024-09-29 13:00:00'),
(105, 'RTC12T03', '豪華型營位｜小木屋', 12, 9, 'luxury_cabin31.jpg,luxury_cabin32.jpg', 5, 7500, '豪華小木屋，提供頂級設施和高端住宿體驗', '1張大號雙人床 + 1張沙發床', 4, '附全餐和觀光服務', '2024-09-29 13:00:00', '2024-09-29 13:00:00'),
(106, 'RTC12B01', '家庭型營位｜帳篷', 12, 10, 'family_tent31.jpg,family_tent32.jpg', 9, 3500, '家庭帳篷，提供露天體驗和基本設施', '1張雙人床 + 2張單人床', 4, '附早餐和露營活動', '2024-09-29 13:00:00', '2024-09-29 13:00:00'),
(107, 'RTC12B02', '標準型營位｜帳篷', 12, 11, 'standard_tent31.jpg,standard_tent32.jpg', 7, 4600, '標準帳篷，適合一群朋友一起享受戶外露營', '1張雙人床', 3, '附早餐和晚餐', '2024-09-29 13:00:00', '2024-09-29 13:00:00'),
(108, 'RTC12B03', '豪華型營位｜帳篷', 12, 12, 'luxury_tent31.jpg,luxury_tent32.jpg', 8, 5800, '豪華帳篷，提供舒適露營體驗和現代化設備', '1張大號雙人床', 2, '附全餐和營火晚會', '2024-09-29 13:00:00', '2024-09-29 13:00:00'),
(109, 'RTC13C01', '家庭型營位｜露營車', 13, 4, 'family_rv41.jpg,family_rv42.jpg', 10, 4000, '家庭露營車，提供舒適空間與娛樂設備，適合親子遊樂', '1張雙人床 + 2張單人床', 5, '附早餐', '2024-09-29 13:00:00', '2024-09-29 13:00:00'),
(110, 'RTC13C02', '標準型營位｜露營車', 13, 5, 'standard_rv41.jpg,standard_rv42.jpg', 8, 5100, '標準露營車，提供舒適的室內環境，適合小家庭或朋友團體', '1張雙人床 + 1張沙發床', 4, '附早餐和下午茶', '2024-09-29 13:00:00', '2024-09-29 13:00:00'),
(111, 'RTC13C03', '豪華型營位｜露營車', 13, 6, 'luxury_rv41.jpg,luxury_rv42.jpg', 6, 6800, '豪華露營車，配有現代化設施，提供奢華露營體驗', '1張大號雙人床 + 1張沙發床', 4, '附全餐和戶外活動', '2024-09-29 13:00:00', '2024-09-29 13:00:00'),
(112, 'RTC13T01', '家庭型營位｜小木屋', 13, 7, 'family_cabin41.jpg,family_cabin42.jpg', 9, 4300, '家庭小木屋，提供安靜舒適的住宿環境，適合全家入住', '1張雙人床 + 2張單人床', 5, '附早餐和燒烤晚餐', '2024-09-29 13:00:00', '2024-09-29 13:00:00'),
(113, 'RTC13T02', '標準型營位｜小木屋', 13, 8, 'standard_cabin41.jpg,standard_cabin42.jpg', 7, 5500, '標準小木屋，提供溫馨的現代設施，適合小團體', '1張雙人床', 3, '附早餐和午餐', '2024-09-29 13:00:00', '2024-09-29 13:00:00'),
(114, 'RTC13T03', '豪華型營位｜小木屋', 13, 9, 'luxury_cabin41.jpg,luxury_cabin42.jpg', 5, 7600, '豪華小木屋，提供頂級設備和高端住宿服務', '1張大號雙人床 + 1張沙發床', 4, '附全餐和私人導覽活動', '2024-09-29 13:00:00', '2024-09-29 13:00:00'),
(115, 'RTC13B01', '家庭型營位｜帳篷', 13, 10, 'family_tent41.jpg,family_tent42.jpg', 9, 3600, '家庭帳篷，提供基本設施，適合戶外家庭體驗', '1張雙人床 + 2張單人床', 4, '附早餐和露營工具', '2024-09-29 13:00:00', '2024-09-29 13:00:00'),
(116, 'RTC13B02', '標準型營位｜帳篷', 13, 11, 'standard_tent41.jpg,standard_tent42.jpg', 7, 4700, '標準帳篷，適合朋友團體的戶外活動，配備舒適床位', '1張雙人床', 3, '附早餐和晚餐', '2024-09-29 13:00:00', '2024-09-29 13:00:00'),
(117, 'RTC13B03', '豪華型營位｜帳篷', 13, 12, 'luxury_tent41.jpg,luxury_tent42.jpg', 6, 5900, '豪華帳篷，提供高端的戶外住宿體驗，附現代化設施', '1張大號雙人床', 2, '附全餐和晚間活動', '2024-09-29 13:00:00', '2024-09-29 13:00:00'),
(118, 'RTC14C01', '家庭型營位｜露營車', 14, 4, 'family_rv51.jpg,family_rv52.jpg', 8, 3900, '適合全家出遊的露營車，提供基本生活設備與舒適環境', '1張雙人床 + 2張單人床', 5, '附早餐', '2024-09-29 14:00:00', '2024-09-29 14:00:00'),
(119, 'RTC14C02', '標準型營位｜露營車', 14, 5, 'standard_rv51.jpg,standard_rv52.jpg', 6, 5100, '提供現代化設備的標準露營車，適合小家庭或好友同行', '1張雙人床 + 1張沙發床', 4, '附早餐和下午茶', '2024-09-29 14:00:00', '2024-09-29 14:00:00'),
(120, 'RTC14C03', '豪華型營位｜露營車', 14, 6, 'luxury_rv51.jpg,luxury_rv52.jpg', 4, 7200, '豪華露營車，提供頂級設施與露營體驗，享受奢華戶外時光', '1張大號雙人床 + 1張沙發床', 4, '附全餐和戶外活動', '2024-09-29 14:00:00', '2024-09-29 14:00:00'),
(121, 'RTC14T01', '家庭型營位｜小木屋', 14, 7, 'family_cabin51.jpg,family_cabin52.jpg', 7, 4300, '家庭小木屋，配有基礎設施，適合親子入住', '1張雙人床 + 2張單人床', 5, '附早餐和燒烤晚餐', '2024-09-29 14:00:00', '2024-09-29 14:00:00'),
(122, 'RTC14T02', '標準型營位｜小木屋', 14, 8, 'standard_cabin51.jpg,standard_cabin52.jpg', 6, 5600, '標準小木屋，提供溫馨設施，適合朋友或小團體使用', '1張雙人床 + 1張單人床', 4, '附早餐和午餐', '2024-09-29 14:00:00', '2024-09-29 14:00:00'),
(123, 'RTC14T03', '豪華型營位｜小木屋', 14, 9, 'luxury_cabin51.jpg,luxury_cabin52.jpg', 5, 7800, '豪華小木屋，提供高端設施與私人服務，享受靜謐山林', '1張大號雙人床 + 1張沙發床', 4, '附全餐和導覽活動', '2024-09-29 14:00:00', '2024-09-29 14:00:00'),
(124, 'RTC14B01', '家庭型營位｜帳篷', 14, 10, 'family_tent51.jpg,family_tent52.jpg', 9, 3500, '家庭帳篷，提供親近自然的戶外住宿體驗', '1張雙人床 + 2張單人床', 4, '附早餐和露營工具', '2024-09-29 14:00:00', '2024-09-29 14:00:00'),
(125, 'RTC14B02', '標準型營位｜帳篷', 14, 11, 'standard_tent51.jpg,standard_tent52.jpg', 8, 4800, '標準帳篷，適合與朋友一同享受露營樂趣', '1張雙人床', 3, '附早餐和晚餐', '2024-09-29 14:00:00', '2024-09-29 14:00:00'),
(126, 'RTC14B03', '豪華型營位｜帳篷', 14, 12, 'luxury_tent51.jpg,luxury_tent52.jpg', 6, 6000, '豪華帳篷，提供獨特的露營體驗與現代設施', '1張大號雙人床', 2, '附全餐和私人導覽', '2024-09-29 14:00:00', '2024-09-29 14:00:00'),
(127, 'RTC15C01', '家庭型營位｜露營車', 15, 4, 'family_rv61.jpg,family_rv62.jpg', 10, 4000, '適合全家出遊的舒適露營車，配備齊全的基礎設施', '1張雙人床 + 2張單人床', 5, '附早餐和晚餐', '2024-09-29 16:00:00', '2024-09-29 16:00:00'),
(128, 'RTC15C02', '標準型營位｜露營車', 15, 5, 'standard_rv61.jpg,standard_rv62.jpg', 8, 5200, '適合家庭或小團體的現代化露營車，配備舒適床位', '1張雙人床 + 1張沙發床', 4, '附早餐和燒烤晚餐', '2024-09-29 16:00:00', '2024-09-29 16:00:00'),
(129, 'RTC15C03', '豪華型營位｜露營車', 15, 6, 'luxury_rv61.jpg,luxury_rv62.jpg', 6, 7400, '豪華露營車，享有頂級露營設施與美景', '1張大號雙人床 + 1張沙發床', 4, '附全餐和私人導覽', '2024-09-29 16:00:00', '2024-09-29 16:00:00'),
(130, 'RTC15T01', '家庭型營位｜小木屋', 15, 7, 'family_cabin61.jpg,family_cabin62.jpg', 7, 4400, '適合全家入住的木屋，環境舒適並提供基本設施', '1張雙人床 + 2張單人床', 5, '附早餐和午餐', '2024-09-29 16:00:00', '2024-09-29 16:00:00'),
(131, 'RTC15T02', '標準型營位｜小木屋', 15, 8, 'standard_cabin61.jpg,standard_cabin62.jpg', 5, 5700, '標準木屋，提供便利設施，適合與朋友同行', '1張雙人床 + 1張沙發床', 4, '附早餐和露營晚餐', '2024-09-29 16:00:00', '2024-09-29 16:00:00'),
(132, 'RTC15T03', '豪華型營位｜小木屋', 15, 9, 'luxury_cabin61.jpg,luxury_cabin62.jpg', 4, 7900, '豪華木屋，擁有獨立戶外空間和高端設施', '1張大號雙人床 + 1張單人床', 3, '附全餐和高級茶點', '2024-09-29 16:00:00', '2024-09-29 16:00:00'),
(133, 'RTC15B01', '家庭型營位｜帳篷', 15, 10, 'family_tent61.jpg,family_tent62.jpg', 9, 3600, '適合全家使用的帳篷，享受戶外的自然美景', '1張雙人床 + 2張單人床', 4, '附早餐和露營工具', '2024-09-29 16:00:00', '2024-09-29 16:00:00'),
(134, 'RTC15B02', '標準型營位｜帳篷', 15, 11, 'standard_tent61.jpg,standard_tent62.jpg', 8, 4900, '標準帳篷，適合想要享受戶外露營的旅客', '1張雙人床', 3, '附早餐和晚餐', '2024-09-29 16:00:00', '2024-09-29 16:00:00'),
(135, 'RTC15B03', '豪華型營位｜帳篷', 15, 12, 'luxury_tent61.jpg,luxury_tent62.jpg', 6, 6100, '豪華帳篷，提供舒適的戶外住宿體驗', '1張大號雙人床', 2, '附全餐和私人服務', '2024-09-29 16:00:00', '2024-09-29 16:00:00'),
(136, 'RTC16C01', '家庭型營位｜露營車', 16, 4, 'family_rv71.jpg,family_rv72.jpg', 9, 4100, '適合全家出遊的舒適露營車，設有額外的戶外休閒空間', '1張雙人床 + 2張單人床', 5, '附早餐和晚餐', '2024-09-29 17:00:00', '2024-09-29 17:00:00'),
(137, 'RTC16C02', '標準型營位｜露營車', 16, 5, 'standard_rv71.jpg,standard_rv72.jpg', 7, 5300, '現代化露營車，配備舒適床位及小廚房', '1張雙人床 + 1張沙發床', 4, '附早餐和露營工具', '2024-09-29 17:00:00', '2024-09-29 17:00:00'),
(138, 'RTC16C03', '豪華型營位｜露營車', 16, 6, 'luxury_rv71.jpg,luxury_rv72.jpg', 5, 7500, '豪華露營車，享有私人休閒區及頂級設施', '1張大號雙人床 + 1張沙發床', 4, '附全餐和私人導覽', '2024-09-29 17:00:00', '2024-09-29 17:00:00'),
(139, 'RTC16T01', '家庭型營位｜小木屋', 16, 7, 'family_cabin71.jpg,family_cabin72.jpg', 8, 4500, '適合全家入住的小木屋，提供舒適的住宿體驗', '1張雙人床 + 2張單人床', 5, '附早餐和午餐', '2024-09-29 17:00:00', '2024-09-29 17:00:00'),
(140, 'RTC16T02', '標準型營位｜小木屋', 16, 8, 'standard_cabin71.jpg,standard_cabin72.jpg', 6, 5800, '標準小木屋，適合家庭或朋友團體的戶外住宿', '1張雙人床 + 1張沙發床', 4, '附早餐和露營晚餐', '2024-09-29 17:00:00', '2024-09-29 17:00:00'),
(141, 'RTC16T03', '豪華型營位｜小木屋', 16, 9, 'luxury_cabin71.jpg,luxury_cabin72.jpg', 4, 8000, '豪華小木屋，配備獨立浴室與高級設施', '1張大號雙人床 + 1張單人床', 3, '附全餐和高級茶點', '2024-09-29 17:00:00', '2024-09-29 17:00:00'),
(142, 'RTC16B01', '家庭型營位｜帳篷', 16, 10, 'family_tent71.jpg,family_tent72.jpg', 10, 3700, '提供全家使用的帳篷，享受自然環境', '1張雙人床 + 2張單人床', 4, '附早餐和露營工具', '2024-09-29 17:00:00', '2024-09-29 17:00:00'),
(143, 'RTC16B02', '標準型營位｜帳篷', 16, 11, 'standard_tent71.jpg,standard_tent72.jpg', 8, 5000, '標準帳篷，適合熱愛戶外活動的旅客', '1張雙人床', 3, '附早餐和露營晚餐', '2024-09-29 17:00:00', '2024-09-29 17:00:00'),
(144, 'RTC16B03', '豪華型營位｜帳篷', 16, 12, 'luxury_tent71.jpg,luxury_tent72.jpg', 6, 6200, '豪華帳篷，享受奢華的戶外住宿體驗', '1張大號雙人床', 2, '附全餐和私人服務', '2024-09-29 17:00:00', '2024-09-29 17:00:00'),
(145, 'RTC17C01', '家庭型營位｜露營車', 17, 4, 'family_rv81.jpg,family_rv82.jpg', 10, 4200, '適合全家出遊的露營車，寬敞舒適，設有戶外用餐區', '1張雙人床 + 2張單人床', 5, '附早餐和晚餐', '2024-09-29 17:00:00', '2024-09-29 17:00:00'),
(146, 'RTC17C02', '標準型營位｜露營車', 17, 5, 'standard_rv81.jpg,standard_rv82.jpg', 8, 5400, '標準露營車，配備現代化設施，讓您享受戶外生活', '1張雙人床 + 1張沙發床', 4, '附早餐和小吃', '2024-09-29 17:00:00', '2024-09-29 17:00:00'),
(147, 'RTC17C03', '豪華型營位｜露營車', 17, 6, 'luxury_rv81.jpg,luxury_rv82.jpg', 6, 7600, '豪華露營車，享有最舒適的住宿體驗，設備齊全', '1張大號雙人床 + 1張沙發床', 4, '附全餐和專屬服務', '2024-09-29 17:00:00', '2024-09-29 17:00:00'),
(148, 'RTC17T01', '家庭型營位｜小木屋', 17, 7, 'family_cabin81.jpg,family_cabin82.jpg', 9, 4600, '家庭友善小木屋，提供舒適的住宿環境和私人空間', '1張雙人床 + 2張單人床', 5, '附早餐和午餐', '2024-09-29 17:00:00', '2024-09-29 17:00:00'),
(149, 'RTC17T02', '標準型營位｜小木屋', 17, 8, 'standard_cabin81.jpg,standard_cabin82.jpg', 7, 5900, '標準小木屋，設有基本設施，讓您享受自然風光', '1張雙人床 + 1張沙發床', 4, '附早餐和燒烤晚餐', '2024-09-29 17:00:00', '2024-09-29 17:00:00'),
(150, 'RTC17T03', '豪華型營位｜小木屋', 17, 9, 'luxury_cabin81.jpg,luxury_cabin82.jpg', 5, 8200, '豪華小木屋，提供高級設施和獨特的住宿體驗', '1張大號雙人床 + 1張單人床', 3, '附全餐和專屬導覽', '2024-09-29 17:00:00', '2024-09-29 17:00:00'),
(151, 'RTC17B01', '家庭型營位｜帳篷', 17, 10, 'family_tent81.jpg,family_tent82.jpg', 11, 3800, '家庭專用的帳篷，享受與大自然的親密接觸', '1張雙人床 + 2張單人床', 4, '附早餐和營火晚會', '2024-09-29 17:00:00', '2024-09-29 17:00:00'),
(152, 'RTC17B02', '標準型營位｜帳篷', 17, 11, 'standard_tent81.jpg,standard_tent82.jpg', 9, 5100, '標準帳篷，適合小型團體或夫妻，享受簡單的露營樂趣', '1張雙人床', 3, '附早餐和晚餐', '2024-09-29 17:00:00', '2024-09-29 17:00:00'),
(153, 'RTC17B03', '豪華型營位｜帳篷', 17, 12, 'luxury_tent81.jpg,luxury_tent82.jpg', 7, 6300, '豪華帳篷，享受奢華露營體驗，配備高級設施', '1張大號雙人床', 2, '附全餐和私人服務', '2024-09-29 17:00:00', '2024-09-29 17:00:00'),
(154, 'RTC18C01', '家庭型營位｜露營車', 18, 4, 'family_rv83.jpg,family_rv84.jpg', 12, 4400, '適合全家出遊的露營車，配備舒適設施，讓您愉快露營', '1張雙人床 + 2張單人床', 5, '附早餐和晚餐', '2024-09-29 17:00:00', '2024-09-29 17:00:00'),
(155, 'RTC18C02', '標準型營位｜露營車', 18, 5, 'standard_rv83.jpg,standard_rv84.jpg', 10, 5600, '標準露營車，提供良好的居住環境，適合小家庭', '1張雙人床 + 1張沙發床', 4, '附早餐和輕食', '2024-09-29 17:00:00', '2024-09-29 17:00:00'),
(156, 'RTC18C03', '豪華型營位｜露營車', 18, 6, 'luxury_rv83.jpg,luxury_rv84.jpg', 8, 7800, '豪華露營車，享受頂級舒適與便利，適合奢華露營者', '1張大號雙人床 + 1張沙發床', 4, '附全餐和專屬服務', '2024-09-29 17:00:00', '2024-09-29 17:00:00'),
(157, 'RTC18T01', '家庭型營位｜小木屋', 18, 7, 'family_cabin83.jpg,family_cabin84.jpg', 11, 4700, '家庭友善小木屋，為您提供舒適的住宿和美好的回憶', '1張雙人床 + 2張單人床', 5, '附早餐和午餐', '2024-09-29 17:00:00', '2024-09-29 17:00:00'),
(158, 'RTC18T02', '標準型營位｜小木屋', 18, 8, 'standard_cabin83.jpg,standard_cabin84.jpg', 9, 5900, '標準小木屋，讓您輕鬆享受戶外生活', '1張雙人床 + 1張沙發床', 4, '附早餐和燒烤晚餐', '2024-09-29 17:00:00', '2024-09-29 17:00:00'),
(159, 'RTC18T03', '豪華型營位｜小木屋', 18, 9, 'luxury_cabin83.jpg,luxury_cabin84.jpg', 7, 8000, '豪華小木屋，擁有一流設施與獨特設計，提供最佳的住宿體驗', '1張大號雙人床 + 1張單人床', 3, '附全餐和私人導覽', '2024-09-29 17:00:00', '2024-09-29 17:00:00'),
(160, 'RTC18B01', '家庭型營位｜帳篷', 18, 10, 'family_tent83.jpg,family_tent84.jpg', 12, 3900, '適合全家的帳篷，讓您享受與自然的親密接觸', '1張雙人床 + 2張單人床', 4, '附早餐和晚會', '2024-09-29 17:00:00', '2024-09-29 17:00:00'),
(161, 'RTC18B02', '標準型營位｜帳篷', 18, 11, 'standard_tent83.jpg,standard_tent84.jpg', 10, 5200, '標準帳篷，適合小團體，享受簡單的露營樂趣', '1張雙人床', 3, '附早餐和晚餐', '2024-09-29 17:00:00', '2024-09-29 17:00:00'),
(162, 'RTC18B03', '豪華型營位｜帳篷', 18, 12, 'luxury_tent83.jpg,luxury_tent84.jpg', 8, 6500, '豪華帳篷，享受奢華露營體驗，配備高級設施', '1張大號雙人床', 2, '附全餐和私人服務', '2024-09-29 17:00:00', '2024-09-29 17:00:00'),
(163, 'RTC19C01', '家庭型營位｜露營車', 19, 4, 'family_rv91.jpg,family_rv92.jpg', 15, 4500, '適合家庭出遊的露營車，舒適設施讓您享受自然', '1張雙人床 + 2張單人床', 5, '附早餐和晚餐', '2024-09-29 17:00:00', '2024-09-29 17:00:00'),
(164, 'RTC19C02', '標準型營位｜露營車', 19, 5, 'standard_rv91.jpg,standard_rv92.jpg', 12, 5700, '標準露營車，提供足夠的空間，適合小家庭', '1張雙人床 + 1張沙發床', 4, '附早餐和輕食', '2024-09-29 17:00:00', '2024-09-29 17:00:00'),
(165, 'RTC19C03', '豪華型營位｜露營車', 19, 6, 'luxury_rv91.jpg,luxury_rv92.jpg', 8, 7900, '豪華露營車，讓您享受舒適與便利的戶外生活', '1張大號雙人床 + 1張沙發床', 4, '附全餐和專屬服務', '2024-09-29 17:00:00', '2024-09-29 17:00:00'),
(166, 'RTC19T01', '家庭型營位｜小木屋', 19, 7, 'family_cabin91.jpg,family_cabin92.jpg', 11, 4800, '舒適的小木屋，為全家提供美好的露營體驗', '1張雙人床 + 2張單人床', 5, '附早餐和午餐', '2024-09-29 17:00:00', '2024-09-29 17:00:00'),
(167, 'RTC19T02', '標準型營位｜小木屋', 19, 8, 'standard_cabin91.jpg,standard_cabin92.jpg', 10, 6000, '標準小木屋，提供良好的住宿環境，適合小型團體', '1張雙人床 + 1張沙發床', 4, '附早餐和燒烤晚餐', '2024-09-29 17:00:00', '2024-09-29 17:00:00'),
(168, 'RTC19T03', '豪華型營位｜小木屋', 19, 9, 'luxury_cabin91.jpg,luxury_cabin92.jpg', 9, 8200, '豪華小木屋，提供一流設施與服務，適合奢華露營者', '1張大號雙人床 + 1張單人床', 3, '附全餐和私人導覽', '2024-09-29 17:00:00', '2024-09-29 17:00:00'),
(169, 'RTC19B01', '家庭型營位｜帳篷', 19, 10, 'family_tent91.jpg,family_tent92.jpg', 12, 4000, '家庭友善帳篷，讓您享受親密的自然接觸', '1張雙人床 + 2張單人床', 4, '附早餐和晚會', '2024-09-29 17:00:00', '2024-09-29 17:00:00'),
(170, 'RTC19B02', '標準型營位｜帳篷', 19, 11, 'standard_tent91.jpg,standard_tent92.jpg', 10, 5300, '標準帳篷，適合小型團體，享受簡單的露營樂趣', '1張雙人床', 3, '附早餐和晚餐', '2024-09-29 17:00:00', '2024-09-29 17:00:00'),
(171, 'RTC19B03', '豪華型營位｜帳篷', 19, 12, 'luxury_tent91.jpg,luxury_tent92.jpg', 8, 6700, '豪華帳篷，享受高端露營體驗，配備奢華設施', '1張大號雙人床', 2, '附全餐和私人服務', '2024-09-29 17:00:00', '2024-09-29 17:00:00'),
(172, 'RTC20C01', '家庭型營位｜露營車', 20, 4, 'family_rv101.jpg,family_rv102.jpg', 14, 4600, '適合家庭出遊的露營車，讓您與自然親密接觸', '1張雙人床 + 2張單人床', 5, '附早餐和晚餐', '2024-09-29 17:00:00', '2024-09-29 17:00:00'),
(173, 'RTC20C02', '標準型營位｜露營車', 20, 5, 'standard_rv101.jpg,standard_rv102.jpg', 12, 5800, '標準露營車，提供舒適的住宿空間', '1張雙人床 + 1張沙發床', 4, '附早餐和輕食', '2024-09-29 17:00:00', '2024-09-29 17:00:00'),
(174, 'RTC20C03', '豪華型營位｜露營車', 20, 6, 'luxury_rv101.jpg,luxury_rv102.jpg', 10, 8000, '豪華露營車，享受高端露營體驗', '1張大號雙人床 + 1張沙發床', 4, '附全餐和專屬服務', '2024-09-29 17:00:00', '2024-09-29 17:00:00'),
(175, 'RTC20T01', '家庭型營位｜小木屋', 20, 7, 'family_cabin101.jpg,family_cabin102.jpg', 13, 4900, '舒適的小木屋，適合家庭共度悠閒時光', '1張雙人床 + 2張單人床', 5, '附早餐和午餐', '2024-09-29 17:00:00', '2024-09-29 17:00:00'),
(176, 'RTC20T02', '標準型營位｜小木屋', 20, 8, 'standard_cabin101.jpg,standard_cabin102.jpg', 11, 6100, '標準小木屋，提供簡單舒適的住宿環境', '1張雙人床 + 1張沙發床', 4, '附早餐和燒烤晚餐', '2024-09-29 17:00:00', '2024-09-29 17:00:00'),
(177, 'RTC20T03', '豪華型營位｜小木屋', 20, 9, 'luxury_cabin101.jpg,luxury_cabin102.jpg', 9, 8400, '豪華小木屋，讓您享受露營的奢華體驗', '1張大號雙人床 + 1張單人床', 3, '附全餐和私人導覽', '2024-09-29 17:00:00', '2024-09-29 17:00:00'),
(178, 'RTC20B01', '家庭型營位｜帳篷', 20, 10, 'family_tent101.jpg,family_tent102.jpg', 12, 4200, '家庭友善帳篷，讓您與家人共度美好時光', '1張雙人床 + 2張單人床', 4, '附早餐和晚會', '2024-09-29 17:00:00', '2024-09-29 17:00:00'),
(179, 'RTC20B02', '標準型營位｜帳篷', 20, 11, 'standard_tent101.jpg,standard_tent102.jpg', 10, 5400, '標準帳篷，適合小型團體，簡單而舒適', '1張雙人床', 3, '附早餐和晚餐', '2024-09-29 17:00:00', '2024-09-29 17:00:00'),
(180, 'RTC20B03', '豪華型營位｜帳篷', 20, 12, 'luxury_tent101.jpg,luxury_tent102.jpg', 8, 6800, '豪華帳篷，讓您享受高端露營的舒適與便利', '1張大號雙人床', 2, '附全餐和私人服務', '2024-09-29 17:00:00', '2024-09-29 17:00:00'),
(181, 'RTC21C01', '家庭型營位｜露營車', 21, 4, 'family_rv201.jpg,family_rv202.jpg', 15, 4800, '適合全家出遊的露營車，空間寬敞，讓您舒適自在', '1張雙人床 + 2張單人床', 5, '附早餐和晚餐', '2024-09-29 17:00:00', '2024-09-29 17:00:00'),
(182, 'RTC21C02', '標準型營位｜露營車', 21, 5, 'standard_rv201.jpg,standard_rv202.jpg', 12, 6000, '標準露營車，簡約設計，提供舒適的居住體驗', '1張雙人床 + 1張沙發床', 4, '附早餐和簡餐', '2024-09-29 17:00:00', '2024-09-29 17:00:00'),
(183, 'RTC21C03', '豪華型營位｜露營車', 21, 6, 'luxury_rv201.jpg,luxury_rv202.jpg', 10, 8200, '豪華露營車，享受極致的露營生活', '1張大號雙人床 + 1張沙發床', 4, '附全餐和專屬服務', '2024-09-29 17:00:00', '2024-09-29 17:00:00'),
(184, 'RTC21T01', '家庭型營位｜小木屋', 21, 7, 'family_cabin201.jpg,family_cabin202.jpg', 14, 5000, '溫馨的小木屋，適合家庭一起享受自然', '1張雙人床 + 2張單人床', 5, '附早餐和午餐', '2024-09-29 17:00:00', '2024-09-29 17:00:00'),
(185, 'RTC21T02', '標準型營位｜小木屋', 21, 8, 'standard_cabin201.jpg,standard_cabin202.jpg', 11, 6200, '標準小木屋，提供溫暖舒適的環境', '1張雙人床 + 1張沙發床', 4, '附早餐和燒烤晚餐', '2024-09-29 17:00:00', '2024-09-29 17:00:00'),
(186, 'RTC21T03', '豪華型營位｜小木屋', 21, 9, 'luxury_cabin201.jpg,luxury_cabin202.jpg', 9, 8500, '豪華小木屋，讓您享受完美的露營假期', '1張大號雙人床 + 1張單人床', 3, '附全餐和私人導覽', '2024-09-29 17:00:00', '2024-09-29 17:00:00'),
(187, 'RTC21B01', '家庭型營位｜帳篷', 21, 10, 'family_tent201.jpg,family_tent202.jpg', 13, 4300, '家庭友善帳篷，讓您在大自然中享受家庭時光', '1張雙人床 + 2張單人床', 4, '附早餐和晚會', '2024-09-29 17:00:00', '2024-09-29 17:00:00'),
(188, 'RTC21B02', '標準型營位｜帳篷', 21, 11, 'standard_tent201.jpg,standard_tent202.jpg', 10, 5500, '標準帳篷，適合小型團體，簡約而舒適', '1張雙人床', 3, '附早餐和晚餐', '2024-09-29 17:00:00', '2024-09-29 17:00:00'),
(189, 'RTC21B03', '豪華型營位｜帳篷', 21, 12, 'luxury_tent201.jpg,luxury_tent202.jpg', 8, 6900, '豪華帳篷，讓您享受高端露營的舒適與便利', '1張大號雙人床', 2, '附全餐和私人服務', '2024-09-29 17:00:00', '2024-09-29 17:00:00'),
(190, 'RTC22C01', '家庭型營位｜露營車', 22, 4, 'family_rv301.jpg,family_rv302.jpg', 10, 4900, '寬敞的家庭型露營車，讓您全家共度美好時光', '1張雙人床 + 2張單人床', 5, '附早餐和午餐', '2024-09-29 17:00:00', '2024-09-29 17:00:00'),
(191, 'RTC22C02', '標準型營位｜露營車', 22, 5, 'standard_rv301.jpg,standard_rv302.jpg', 8, 6100, '舒適的標準型露營車，適合中型家庭', '1張雙人床 + 1張沙發床', 4, '附早餐和燒烤晚餐', '2024-09-29 17:00:00', '2024-09-29 17:00:00'),
(192, 'RTC22C03', '豪華型營位｜露營車', 22, 6, 'luxury_rv301.jpg,luxury_rv302.jpg', 6, 8200, '享受豪華型露營車的極致舒適', '1張大號雙人床 + 1張單人床', 4, '附全餐和專屬服務', '2024-09-29 17:00:00', '2024-09-29 17:00:00'),
(193, 'RTC22T01', '家庭型營位｜小木屋', 22, 7, 'family_cabin301.jpg,family_cabin302.jpg', 10, 5100, '溫馨的小木屋，讓您與家人享受安靜的露營假期', '1張雙人床 + 2張單人床', 5, '附早餐和午餐', '2024-09-29 17:00:00', '2024-09-29 17:00:00'),
(194, 'RTC22T02', '標準型營位｜小木屋', 22, 8, 'standard_cabin301.jpg,standard_cabin302.jpg', 8, 6400, '簡約設計的標準小木屋，舒適又實用', '1張雙人床 + 1張沙發床', 4, '附早餐和晚餐', '2024-09-29 17:00:00', '2024-09-29 17:00:00'),
(195, 'RTC22T03', '豪華型營位｜小木屋', 22, 9, 'luxury_cabin301.jpg,luxury_cabin302.jpg', 5, 8700, '豪華小木屋，提供奢華的露營體驗', '1張大號雙人床 + 1張單人床', 3, '附全餐和私人導覽', '2024-09-29 17:00:00', '2024-09-29 17:00:00'),
(196, 'RTC22B01', '家庭型營位｜帳篷', 22, 10, 'family_tent301.jpg,family_tent302.jpg', 12, 4500, '適合家庭的帳篷，與自然親密接觸', '1張雙人床 + 2張單人床', 4, '附早餐和晚會', '2024-09-29 17:00:00', '2024-09-29 17:00:00'),
(197, 'RTC22B02', '標準型營位｜帳篷', 22, 11, 'standard_tent301.jpg,standard_tent302.jpg', 10, 5800, '簡約標準帳篷，讓您輕鬆享受露營樂趣', '1張雙人床', 3, '附早餐和晚餐', '2024-09-29 17:00:00', '2024-09-29 17:00:00'),
(198, 'RTC22B03', '豪華型營位｜帳篷', 22, 12, 'luxury_tent301.jpg,luxury_tent302.jpg', 8, 7100, '高端豪華帳篷，享受獨特的露營體驗', '1張大號雙人床', 2, '附全餐和私人服務', '2024-09-29 17:00:00', '2024-09-29 17:00:00'),
(199, 'RTC23C01', '家庭型營位｜露營車', 23, 4, 'family_rv401.jpg,family_rv402.jpg', 10, 5000, '適合全家的露營車，享受自然與舒適', '1張雙人床 + 2張單人床', 5, '附早餐和晚餐', '2024-09-29 17:00:00', '2024-09-29 17:00:00'),
(200, 'RTC23C02', '標準型營位｜露營車', 23, 5, 'standard_rv401.jpg,standard_rv402.jpg', 8, 6200, '標準型露營車，舒適又實用', '1張雙人床 + 1張單人床', 4, '附早餐和燒烤晚餐', '2024-09-29 17:00:00', '2024-09-29 17:00:00'),
(201, 'RTC23C03', '豪華型營位｜露營車', 23, 6, 'luxury_rv401.jpg,luxury_rv402.jpg', 6, 8300, '享受豪華露營車的非凡體驗', '1張大號雙人床 + 1張單人床', 4, '附全餐和專屬服務', '2024-09-29 17:00:00', '2024-09-29 17:00:00'),
(202, 'RTC23T01', '家庭型營位｜小木屋', 23, 7, 'family_cabin401.jpg,family_cabin402.jpg', 10, 5200, '適合家庭的小木屋，營造溫馨氛圍', '1張雙人床 + 2張單人床', 5, '附早餐和午餐', '2024-09-29 17:00:00', '2024-09-29 17:00:00'),
(203, 'RTC23T02', '標準型營位｜小木屋', 23, 8, 'standard_cabin401.jpg,standard_cabin402.jpg', 8, 6500, '舒適的標準小木屋，提供良好的隱私', '1張雙人床 + 1張沙發床', 4, '附早餐和晚餐', '2024-09-29 17:00:00', '2024-09-29 17:00:00'),
(204, 'RTC23T03', '豪華型營位｜小木屋', 23, 9, 'luxury_cabin401.jpg,luxury_cabin402.jpg', 5, 8800, '奢華小木屋，享受高端露營的樂趣', '1張大號雙人床 + 1張單人床', 3, '附全餐和私人導覽', '2024-09-29 17:00:00', '2024-09-29 17:00:00'),
(205, 'RTC23B01', '家庭型營位｜帳篷', 23, 10, 'family_tent401.jpg,family_tent402.jpg', 12, 4600, '家庭帳篷，讓您與自然親密接觸', '1張雙人床 + 2張單人床', 4, '附早餐和晚會', '2024-09-29 17:00:00', '2024-09-29 17:00:00'),
(206, 'RTC23B02', '標準型營位｜帳篷', 23, 11, 'standard_tent401.jpg,standard_tent402.jpg', 10, 5900, '簡約舒適的標準帳篷，輕鬆享受露營', '1張雙人床', 3, '附早餐和燒烤晚餐', '2024-09-29 17:00:00', '2024-09-29 17:00:00'),
(207, 'RTC23B03', '豪華型營位｜帳篷', 23, 12, 'luxury_tent401.jpg,luxury_tent402.jpg', 8, 7200, '高端豪華帳篷，享受獨特的露營體驗', '1張大號雙人床', 2, '附全餐和私人服務', '2024-09-29 17:00:00', '2024-09-29 17:00:00'),
(208, 'RTC24C01', '家庭型營位｜露營車', 24, 4, 'family_rv501.jpg,family_rv502.jpg', 12, 5100, '適合全家的露營車，享受自然與舒適', '1張雙人床 + 2張單人床', 5, '附早餐和晚餐', '2024-09-29 17:00:00', '2024-09-29 17:00:00'),
(209, 'RTC24C02', '標準型營位｜露營車', 24, 5, 'standard_rv501.jpg,standard_rv502.jpg', 10, 6200, '標準型露營車，舒適又實用', '1張雙人床 + 1張單人床', 4, '附早餐和燒烤晚餐', '2024-09-29 17:00:00', '2024-09-29 17:00:00'),
(210, 'RTC24C03', '豪華型營位｜露營車', 24, 6, 'luxury_rv501.jpg,luxury_rv502.jpg', 8, 8300, '享受豪華露營車的非凡體驗', '1張大號雙人床 + 1張單人床', 4, '附全餐和專屬服務', '2024-09-29 17:00:00', '2024-09-29 17:00:00'),
(211, 'RTC24T01', '家庭型營位｜小木屋', 24, 7, 'family_cabin501.jpg,family_cabin502.jpg', 10, 5400, '適合家庭的小木屋，營造溫馨氛圍', '1張雙人床 + 2張單人床', 5, '附早餐和午餐', '2024-09-29 17:00:00', '2024-09-29 17:00:00'),
(212, 'RTC24T02', '標準型營位｜小木屋', 24, 8, 'standard_cabin501.jpg,standard_cabin502.jpg', 9, 6700, '舒適的標準小木屋，提供良好的隱私', '1張雙人床 + 1張沙發床', 4, '附早餐和晚餐', '2024-09-29 17:00:00', '2024-09-29 17:00:00'),
(213, 'RTC24T03', '豪華型營位｜小木屋', 24, 9, 'luxury_cabin501.jpg,luxury_cabin502.jpg', 7, 8900, '奢華小木屋，享受高端露營的樂趣', '1張大號雙人床 + 1張單人床', 3, '附全餐和私人導覽', '2024-09-29 17:00:00', '2024-09-29 17:00:00'),
(214, 'RTC24B01', '家庭型營位｜帳篷', 24, 10, 'family_tent501.jpg,family_tent502.jpg', 11, 4700, '家庭帳篷，讓您與自然親密接觸', '1張雙人床 + 2張單人床', 4, '附早餐和晚會', '2024-09-29 17:00:00', '2024-09-29 17:00:00'),
(215, 'RTC24B02', '標準型營位｜帳篷', 24, 11, 'standard_tent501.jpg,standard_tent502.jpg', 10, 6000, '簡約舒適的標準帳篷，輕鬆享受露營', '1張雙人床', 3, '附早餐和燒烤晚餐', '2024-09-29 17:00:00', '2024-09-29 17:00:00'),
(216, 'RTC24B03', '豪華型營位｜帳篷', 24, 12, 'luxury_tent501.jpg,luxury_tent502.jpg', 8, 7300, '高端豪華帳篷，享受獨特的露營體驗', '1張大號雙人床', 2, '附全餐和私人服務', '2024-09-29 17:00:00', '2024-09-29 17:00:00'),
(217, 'RTC25C01', '家庭型營位｜露營車', 25, 4, 'family_rv601.jpg,family_rv602.jpg', 10, 5300, '適合全家的露營車，享受舒適與自然', '1張雙人床 + 2張單人床', 5, '附早餐和晚餐', '2024-09-29 17:00:00', '2024-09-29 17:00:00'),
(218, 'RTC25C02', '標準型營位｜露營車', 25, 5, 'standard_rv601.jpg,standard_rv602.jpg', 8, 6400, '標準型露營車，舒適又實用', '1張雙人床 + 1張單人床', 4, '附早餐和燒烤晚餐', '2024-09-29 17:00:00', '2024-09-29 17:00:00'),
(219, 'RTC25C03', '豪華型營位｜露營車', 25, 6, 'luxury_rv601.jpg,luxury_rv602.jpg', 6, 8500, '享受豪華露營車的非凡體驗', '1張大號雙人床 + 1張單人床', 4, '附全餐和專屬服務', '2024-09-29 17:00:00', '2024-09-29 17:00:00'),
(220, 'RTC25T01', '家庭型營位｜小木屋', 25, 7, 'family_cabin601.jpg,family_cabin602.jpg', 10, 5500, '適合家庭的小木屋，營造溫馨氛圍', '1張雙人床 + 2張單人床', 5, '附早餐和午餐', '2024-09-29 17:00:00', '2024-09-29 17:00:00'),
(221, 'RTC25T02', '標準型營位｜小木屋', 25, 8, 'standard_cabin601.jpg,standard_cabin602.jpg', 9, 6800, '舒適的標準小木屋，提供良好的隱私', '1張雙人床 + 1張沙發床', 4, '附早餐和晚餐', '2024-09-29 17:00:00', '2024-09-29 17:00:00'),
(222, 'RTC25T03', '豪華型營位｜小木屋', 25, 9, 'luxury_cabin601.jpg,luxury_cabin602.jpg', 7, 9000, '奢華小木屋，享受高端露營的樂趣', '1張大號雙人床 + 1張單人床', 3, '附全餐和私人導覽', '2024-09-29 17:00:00', '2024-09-29 17:00:00'),
(223, 'RTC25B01', '家庭型營位｜帳篷', 25, 10, 'family_tent601.jpg,family_tent602.jpg', 11, 4800, '家庭帳篷，讓您與自然親密接觸', '1張雙人床 + 2張單人床', 4, '附早餐和晚會', '2024-09-29 17:00:00', '2024-09-29 17:00:00'),
(224, 'RTC25B02', '標準型營位｜帳篷', 25, 11, 'standard_tent601.jpg,standard_tent602.jpg', 10, 6000, '簡約舒適的標準帳篷，輕鬆享受露營', '1張雙人床', 3, '附早餐和燒烤晚餐', '2024-09-29 17:00:00', '2024-09-29 17:00:00'),
(225, 'RTC25B03', '豪華型營位｜帳篷', 25, 12, 'luxury_tent601.jpg,luxury_tent602.jpg', 8, 7400, '高端豪華帳篷，享受獨特的露營體驗', '1張大號雙人床', 2, '附全餐和私人服務', '2024-09-29 17:00:00', '2024-09-29 17:00:00'),
(226, 'RTC26C01', '家庭型營位｜露營車', 26, 4, 'family_rv701.jpg,family_rv702.jpg', 10, 5400, '全家共享的舒適露營車，適合各年齡層', '1張雙人床 + 2張單人床', 5, '附早餐和輕便午餐', '2024-09-29 17:00:00', '2024-09-29 17:00:00'),
(227, 'RTC26C02', '標準型營位｜露營車', 26, 5, 'standard_rv701.jpg,standard_rv702.jpg', 8, 6500, '標準型露營車，適合中小家庭使用', '1張雙人床 + 1張單人床', 4, '附早餐和燒烤晚餐', '2024-09-29 17:00:00', '2024-09-29 17:00:00'),
(228, 'RTC26C03', '豪華型營位｜露營車', 26, 6, 'luxury_rv701.jpg,luxury_rv702.jpg', 6, 8600, '豪華露營車，讓您享受奢華的露營體驗', '1張大號雙人床 + 1張單人床', 4, '附全餐和私人導覽', '2024-09-29 17:00:00', '2024-09-29 17:00:00'),
(229, 'RTC26T01', '家庭型營位｜小木屋', 26, 7, 'family_cabin701.jpg,family_cabin702.jpg', 10, 5600, '小木屋為家庭提供溫暖與隱私', '1張雙人床 + 2張單人床', 5, '附早餐和野餐午餐', '2024-09-29 17:00:00', '2024-09-29 17:00:00'),
(230, 'RTC26T02', '標準型營位｜小木屋', 26, 8, 'standard_cabin701.jpg,standard_cabin702.jpg', 9, 6700, '標準小木屋，提供舒適的住宿環境', '1張雙人床 + 1張沙發床', 4, '附早餐和燒烤晚餐', '2024-09-29 17:00:00', '2024-09-29 17:00:00'),
(231, 'RTC26T03', '豪華型營位｜小木屋', 26, 9, 'luxury_cabin701.jpg,luxury_cabin702.jpg', 7, 9200, '豪華小木屋，享受大自然的同時不失舒適', '1張大號雙人床 + 1張單人床', 3, '附全餐和專屬服務', '2024-09-29 17:00:00', '2024-09-29 17:00:00'),
(232, 'RTC26B01', '家庭型營位｜帳篷', 26, 10, 'family_tent701.jpg,family_tent702.jpg', 11, 4900, '讓全家享受與大自然的親密接觸', '1張雙人床 + 2張單人床', 4, '附早餐和晚會', '2024-09-29 17:00:00', '2024-09-29 17:00:00'),
(233, 'RTC26B02', '標準型營位｜帳篷', 26, 11, 'standard_tent701.jpg,standard_tent702.jpg', 10, 6100, '簡約標準帳篷，完美的露營選擇', '1張雙人床', 3, '附早餐和燒烤晚餐', '2024-09-29 17:00:00', '2024-09-29 17:00:00'),
(234, 'RTC26B03', '豪華型營位｜帳篷', 26, 12, 'luxury_tent701.jpg,luxury_tent702.jpg', 8, 7500, '高端豪華帳篷，為您提供獨特的露營體驗', '1張大號雙人床', 2, '附全餐和私人服務', '2024-09-29 17:00:00', '2024-09-29 17:00:00'),
(235, 'RTC27C01', '家庭型營位｜露營車', 27, 4, 'family_rv801.jpg,family_rv802.jpg', 10, 5500, '為全家提供的舒適露營車，讓每個人都能享受大自然', '1張雙人床 + 2張單人床', 5, '附早餐和輕便午餐', '2024-09-29 17:00:00', '2024-09-29 17:00:00'),
(236, 'RTC27C02', '標準型營位｜露營車', 27, 5, 'standard_rv801.jpg,standard_rv802.jpg', 8, 6600, '標準露營車，適合小家庭的理想選擇', '1張雙人床 + 1張沙發床', 4, '附早餐和燒烤晚餐', '2024-09-29 17:00:00', '2024-09-29 17:00:00'),
(237, 'RTC27C03', '豪華型營位｜露營車', 27, 6, 'luxury_rv801.jpg,luxury_rv802.jpg', 6, 8700, '豪華露營車，提供頂級的露營體驗', '1張大號雙人床 + 1張單人床', 4, '附全餐和私人導覽', '2024-09-29 17:00:00', '2024-09-29 17:00:00'),
(238, 'RTC27T01', '家庭型營位｜小木屋', 27, 7, 'family_cabin801.jpg,family_cabin802.jpg', 10, 5700, '小木屋為家庭提供私密和舒適的住宿', '1張雙人床 + 2張單人床', 5, '附早餐和野餐午餐', '2024-09-29 17:00:00', '2024-09-29 17:00:00'),
(239, 'RTC27T02', '標準型營位｜小木屋', 27, 8, 'standard_cabin801.jpg,standard_cabin802.jpg', 9, 6800, '標準小木屋，為露營帶來舒適的居住環境', '1張雙人床 + 1張單人床', 4, '附早餐和燒烤晚餐', '2024-09-29 17:00:00', '2024-09-29 17:00:00'),
(240, 'RTC27T03', '豪華型營位｜小木屋', 27, 9, 'luxury_cabin801.jpg,luxury_cabin802.jpg', 7, 9300, '豪華小木屋，完美的享受自然和舒適', '1張大號雙人床 + 1張沙發床', 4, '附全餐和專屬服務', '2024-09-29 17:00:00', '2024-09-29 17:00:00'),
(241, 'RTC27B01', '家庭型營位｜帳篷', 27, 10, 'family_tent801.jpg,family_tent802.jpg', 11, 5000, '為家庭提供的舒適帳篷，親密接觸大自然', '1張雙人床 + 2張單人床', 4, '附早餐和晚會', '2024-09-29 17:00:00', '2024-09-29 17:00:00'),
(242, 'RTC27B02', '標準型營位｜帳篷', 27, 11, 'standard_tent801.jpg,standard_tent802.jpg', 10, 6200, '簡約的標準帳篷，提供基本的露營需求', '1張雙人床', 3, '附早餐和燒烤晚餐', '2024-09-29 17:00:00', '2024-09-29 17:00:00'),
(243, 'RTC27B03', '豪華型營位｜帳篷', 27, 12, 'luxury_tent801.jpg,luxury_tent802.jpg', 8, 7600, '高端豪華帳篷，為您帶來獨特的露營享受', '1張大號雙人床', 2, '附全餐和私人服務', '2024-09-29 17:00:00', '2024-09-29 17:00:00'),
(244, 'RTC28C01', '家庭型營位｜露營車', 28, 4, 'family_rv901.jpg,family_rv902.jpg', 10, 5600, '適合家庭出遊的露營車，舒適且實用', '1張雙人床 + 2張單人床', 5, '附早餐和燒烤晚餐', '2024-09-29 17:00:00', '2024-09-29 17:00:00'),
(245, 'RTC28C02', '標準型營位｜露營車', 28, 5, 'standard_rv901.jpg,standard_rv902.jpg', 8, 6700, '標準露營車，為小家庭提供舒適的空間', '1張雙人床 + 1張沙發床', 4, '附早餐和輕便午餐', '2024-09-29 17:00:00', '2024-09-29 17:00:00'),
(246, 'RTC28C03', '豪華型營位｜露營車', 28, 6, 'luxury_rv901.jpg,luxury_rv902.jpg', 6, 8900, '豪華露營車，提供高端露營體驗', '1張大號雙人床 + 1張單人床', 4, '附全餐和私人導覽', '2024-09-29 17:00:00', '2024-09-29 17:00:00'),
(247, 'RTC28T01', '家庭型營位｜小木屋', 28, 7, 'family_cabin901.jpg,family_cabin902.jpg', 10, 5800, '家庭小木屋，舒適且私密，適合全家人', '1張雙人床 + 2張單人床', 5, '附早餐和野餐午餐', '2024-09-29 17:00:00', '2024-09-29 17:00:00'),
(248, 'RTC28T02', '標準型營位｜小木屋', 28, 8, 'standard_cabin901.jpg,standard_cabin902.jpg', 9, 7000, '標準小木屋，為露營提供便利的住宿選擇', '1張雙人床 + 1張單人床', 4, '附早餐和燒烤晚餐', '2024-09-29 17:00:00', '2024-09-29 17:00:00'),
(249, 'RTC28T03', '豪華型營位｜小木屋', 28, 9, 'luxury_cabin901.jpg,luxury_cabin902.jpg', 7, 9400, '豪華小木屋，享受自然與舒適的完美結合', '1張大號雙人床 + 1張沙發床', 4, '附全餐和專屬服務', '2024-09-29 17:00:00', '2024-09-29 17:00:00'),
(250, 'RTC28B01', '家庭型營位｜帳篷', 28, 10, 'family_tent901.jpg,family_tent902.jpg', 11, 5200, '適合家庭的舒適帳篷，享受大自然的親密接觸', '1張雙人床 + 2張單人床', 4, '附早餐和晚會', '2024-09-29 17:00:00', '2024-09-29 17:00:00'),
(251, 'RTC28B02', '標準型營位｜帳篷', 28, 11, 'standard_tent901.jpg,standard_tent902.jpg', 10, 6400, '標準帳篷，提供基本的露營需求和舒適', '1張雙人床', 3, '附早餐和燒烤晚餐', '2024-09-29 17:00:00', '2024-09-29 17:00:00'),
(252, 'RTC28B03', '豪華型營位｜帳篷', 28, 12, 'luxury_tent901.jpg,luxury_tent902.jpg', 8, 7800, '高端豪華帳篷，為您帶來獨特的露營享受', '1張大號雙人床', 2, '附全餐和私人服務', '2024-09-29 17:00:00', '2024-09-29 17:00:00'),
(253, 'RTC29C01', '家庭型營位｜露營車', 29, 4, 'family_rv903.jpg,family_rv904.jpg', 10, 6000, '適合家庭的露營車，享受舒適與便利', '1張雙人床 + 2張單人床', 5, '附早餐和燒烤晚餐', '2024-09-29 17:00:00', '2024-09-29 17:00:00'),
(254, 'RTC29C02', '標準型營位｜露營車', 29, 5, 'standard_rv903.jpg,standard_rv904.jpg', 8, 7200, '標準露營車，適合小型家庭出行', '1張雙人床 + 1張沙發床', 4, '附早餐和輕便午餐', '2024-09-29 17:00:00', '2024-09-29 17:00:00'),
(255, 'RTC29C03', '豪華型營位｜露營車', 29, 6, 'luxury_rv903.jpg,luxury_rv904.jpg', 6, 9500, '豪華露營車，為您帶來極致的露營體驗', '1張大號雙人床 + 1張單人床', 4, '附全餐和專屬服務', '2024-09-29 17:00:00', '2024-09-29 17:00:00'),
(256, 'RTC29T01', '家庭型營位｜小木屋', 29, 7, 'family_cabin903.jpg,family_cabin904.jpg', 10, 6200, '適合家庭的舒適小木屋，提供良好的私密性', '1張雙人床 + 2張單人床', 5, '附早餐和野餐午餐', '2024-09-29 17:00:00', '2024-09-29 17:00:00'),
(257, 'RTC29T02', '標準型營位｜小木屋', 29, 8, 'standard_cabin903.jpg,standard_cabin904.jpg', 9, 7400, '標準小木屋，讓您享受自然的同時擁有便利', '1張雙人床 + 1張單人床', 4, '附早餐和燒烤晚餐', '2024-09-29 17:00:00', '2024-09-29 17:00:00'),
(258, 'RTC29T03', '豪華型營位｜小木屋', 29, 9, 'luxury_cabin903.jpg,luxury_cabin904.jpg', 7, 9800, '豪華小木屋，結合舒適與自然的完美體驗', '1張大號雙人床 + 1張沙發床', 4, '附全餐和私人導覽', '2024-09-29 17:00:00', '2024-09-29 17:00:00'),
(259, 'RTC29B01', '家庭型營位｜帳篷', 29, 10, 'family_tent903.jpg,family_tent904.jpg', 11, 5600, '適合家庭的舒適帳篷，享受與自然的親密接觸', '1張雙人床 + 2張單人床', 4, '附早餐和晚會', '2024-09-29 17:00:00', '2024-09-29 17:00:00'),
(260, 'RTC29B02', '標準型營位｜帳篷', 29, 11, 'standard_tent903.jpg,standard_tent904.jpg', 10, 6800, '標準帳篷，為露營提供基本需求和舒適', '1張雙人床', 3, '附早餐和燒烤晚餐', '2024-09-29 17:00:00', '2024-09-29 17:00:00'),
(261, 'RTC29B03', '豪華型營位｜帳篷', 29, 12, 'luxury_tent903.jpg,luxury_tent904.jpg', 8, 8200, '高端豪華帳篷，提供獨特的露營享受', '1張大號雙人床', 2, '附全餐和私人服務', '2024-09-29 17:00:00', '2024-09-29 17:00:00'),
(262, 'RTC30C01', '家庭型營位｜露營車', 30, 4, 'family_rv101.jpg,family_rv102.jpg', 10, 6300, '適合全家的露營車，提供舒適的住宿環境', '1張雙人床 + 2張單人床', 5, '附早餐和燒烤晚餐', '2024-09-29 17:00:00', '2024-09-29 17:00:00'),
(263, 'RTC30C02', '標準型營位｜露營車', 30, 5, 'standard_rv101.jpg,standard_rv102.jpg', 8, 7500, '標準露營車，適合小家庭使用', '1張雙人床 + 1張沙發床', 4, '附早餐和輕便午餐', '2024-09-29 17:00:00', '2024-09-29 17:00:00'),
(264, 'RTC30C03', '豪華型營位｜露營車', 30, 6, 'luxury_rv101.jpg,luxury_rv102.jpg', 6, 9800, '豪華露營車，為您提供最頂級的露營體驗', '1張大號雙人床 + 1張單人床', 4, '附全餐和專屬服務', '2024-09-29 17:00:00', '2024-09-29 17:00:00'),
(265, 'RTC30T01', '家庭型營位｜小木屋', 30, 7, 'family_cabin101.jpg,family_cabin102.jpg', 10, 6400, '家庭型小木屋，提供溫馨的住宿環境', '1張雙人床 + 2張單人床', 5, '附早餐和野餐午餐', '2024-09-29 17:00:00', '2024-09-29 17:00:00'),
(266, 'RTC30T02', '標準型營位｜小木屋', 30, 8, 'standard_cabin101.jpg,standard_cabin102.jpg', 9, 7600, '標準小木屋，舒適與自然完美結合', '1張雙人床 + 1張單人床', 4, '附早餐和燒烤晚餐', '2024-09-29 17:00:00', '2024-09-29 17:00:00'),
(267, 'RTC30T03', '豪華型營位｜小木屋', 30, 9, 'luxury_cabin101.jpg,luxury_cabin102.jpg', 7, 10000, '豪華小木屋，提供獨特的度假體驗', '1張大號雙人床 + 1張沙發床', 4, '附全餐和私人導覽', '2024-09-29 17:00:00', '2024-09-29 17:00:00'),
(268, 'RTC30B01', '家庭型營位｜帳篷', 30, 10, 'family_tent101.jpg,family_tent102.jpg', 11, 5800, '適合家庭的帳篷，與自然親密接觸', '1張雙人床 + 2張單人床', 4, '附早餐和晚會', '2024-09-29 17:00:00', '2024-09-29 17:00:00'),
(269, 'RTC30B02', '標準型營位｜帳篷', 30, 11, 'standard_tent101.jpg,standard_tent102.jpg', 10, 6900, '標準帳篷，滿足基本露營需求', '1張雙人床', 3, '附早餐和燒烤晚餐', '2024-09-29 17:00:00', '2024-09-29 17:00:00'),
(270, 'RTC30B03', '豪華型營位｜帳篷', 30, 12, 'luxury_tent101.jpg,luxury_tent102.jpg', 8, 8500, '高端豪華帳篷，提供最佳的露營享受', '1張大號雙人床', 2, '附全餐和私人服務', '2024-09-29 17:00:00', '2024-09-29 17:00:00'),
(271, 'RTC31C01', '家庭型營位｜露營車', 31, 4, 'family_rv201.jpg,family_rv202.jpg', 10, 6400, '適合家庭的露營車，提供舒適的住宿環境', '1張雙人床 + 2張單人床', 5, '附早餐和燒烤晚餐', '2024-09-29 17:00:00', '2024-09-29 17:00:00'),
(272, 'RTC31C02', '標準型營位｜露營車', 31, 5, 'standard_rv201.jpg,standard_rv202.jpg', 8, 7500, '標準露營車，適合小家庭使用', '1張雙人床 + 1張沙發床', 4, '附早餐和輕便午餐', '2024-09-29 17:00:00', '2024-09-29 17:00:00'),
(273, 'RTC31C03', '豪華型營位｜露營車', 31, 6, 'luxury_rv201.jpg,luxury_rv202.jpg', 6, 9500, '豪華露營車，為您提供最頂級的露營體驗', '1張大號雙人床 + 1張單人床', 4, '附全餐和專屬服務', '2024-09-29 17:00:00', '2024-09-29 17:00:00'),
(274, 'RTC31T01', '家庭型營位｜小木屋', 31, 7, 'family_cabin201.jpg,family_cabin202.jpg', 10, 6200, '家庭型小木屋，提供溫馨的住宿環境', '1張雙人床 + 2張單人床', 5, '附早餐和野餐午餐', '2024-09-29 17:00:00', '2024-09-29 17:00:00'),
(275, 'RTC31T02', '標準型營位｜小木屋', 31, 8, 'standard_cabin201.jpg,standard_cabin202.jpg', 9, 7600, '標準小木屋，舒適與自然完美結合', '1張雙人床 + 1張單人床', 4, '附早餐和燒烤晚餐', '2024-09-29 17:00:00', '2024-09-29 17:00:00'),
(276, 'RTC31T03', '豪華型營位｜小木屋', 31, 9, 'luxury_cabin201.jpg,luxury_cabin202.jpg', 7, 10000, '豪華小木屋，提供獨特的度假體驗', '1張大號雙人床 + 1張沙發床', 4, '附全餐和私人導覽', '2024-09-29 17:00:00', '2024-09-29 17:00:00'),
(277, 'RTC31B01', '家庭型營位｜帳篷', 31, 10, 'family_tent201.jpg,family_tent202.jpg', 11, 6000, '適合家庭的帳篷，與自然親密接觸', '1張雙人床 + 2張單人床', 4, '附早餐和晚會', '2024-09-29 17:00:00', '2024-09-29 17:00:00'),
(278, 'RTC31B02', '標準型營位｜帳篷', 31, 11, 'standard_tent201.jpg,standard_tent202.jpg', 10, 6900, '標準帳篷，滿足基本露營需求', '1張雙人床', 3, '附早餐和燒烤晚餐', '2024-09-29 17:00:00', '2024-09-29 17:00:00'),
(279, 'RTC31B03', '豪華型營位｜帳篷', 31, 12, 'luxury_tent201.jpg,luxury_tent202.jpg', 8, 8500, '高端豪華帳篷，提供最佳的露營享受', '1張大號雙人床', 2, '附全餐和私人服務', '2024-09-29 17:00:00', '2024-09-29 17:00:00'),
(280, 'RTC32C01', '家庭型營位｜露營車', 32, 4, 'family_rv301.jpg,family_rv302.jpg', 10, 6500, '適合家庭的露營車，提供舒適的自然環境', '1張雙人床 + 2張單人床', 5, '附早餐和燒烤晚餐', '2024-09-29 17:00:00', '2024-09-29 17:00:00'),
(281, 'RTC32C02', '標準型營位｜露營車', 32, 5, 'standard_rv301.jpg,standard_rv302.jpg', 8, 7200, '標準露營車，適合小家庭使用', '1張雙人床 + 1張沙發床', 4, '附早餐和簡餐', '2024-09-29 17:00:00', '2024-09-29 17:00:00'),
(282, 'RTC32C03', '豪華型營位｜露營車', 32, 6, 'luxury_rv301.jpg,luxury_rv302.jpg', 6, 9600, '豪華露營車，為您提供頂級的露營體驗', '1張大號雙人床 + 1張單人床', 4, '附全餐和專屬服務', '2024-09-29 17:00:00', '2024-09-29 17:00:00'),
(283, 'RTC32T01', '家庭型營位｜小木屋', 32, 7, 'family_cabin301.jpg,family_cabin302.jpg', 10, 6300, '適合家庭的溫馨小木屋', '1張雙人床 + 2張單人床', 5, '附早餐和燒烤晚餐', '2024-09-29 17:00:00', '2024-09-29 17:00:00'),
(284, 'RTC32T02', '標準型營位｜小木屋', 32, 8, 'standard_cabin301.jpg,standard_cabin302.jpg', 9, 7600, '標準小木屋，適合情侶或小家庭', '1張雙人床 + 1張沙發床', 4, '附早餐和晚餐', '2024-09-29 17:00:00', '2024-09-29 17:00:00'),
(285, 'RTC32T03', '豪華型營位｜小木屋', 32, 9, 'luxury_cabin301.jpg,luxury_cabin302.jpg', 7, 9900, '豪華小木屋，提供舒適且奢華的住宿體驗', '1張大號雙人床', 4, '附全餐和私人服務', '2024-09-29 17:00:00', '2024-09-29 17:00:00'),
(286, 'RTC32B01', '家庭型營位｜帳篷', 32, 10, 'family_tent301.jpg,family_tent302.jpg', 11, 6100, '親近自然的家庭帳篷，享受戶外的美好', '1張雙人床 + 2張單人床', 4, '附早餐和燒烤晚餐', '2024-09-29 17:00:00', '2024-09-29 17:00:00'),
(287, 'RTC32B02', '標準型營位｜帳篷', 32, 11, 'standard_tent301.jpg,standard_tent302.jpg', 10, 7000, '標準帳篷，為露營愛好者提供舒適的住宿', '1張雙人床', 3, '附早餐和晚餐', '2024-09-29 17:00:00', '2024-09-29 17:00:00'),
(288, 'RTC32B03', '豪華型營位｜帳篷', 32, 12, 'luxury_tent301.jpg,luxury_tent302.jpg', 8, 8600, '豪華帳篷，讓您享受五星級的露營體驗', '1張大號雙人床', 2, '附全餐和專屬服務', '2024-09-29 17:00:00', '2024-09-29 17:00:00'),
(289, 'RTC33C01', '家庭型營位｜露營車', 33, 4, 'family_rv401.jpg,family_rv402.jpg', 10, 6700, '適合家庭的露營車，讓您享受大自然的美好', '1張雙人床 + 2張單人床', 5, '附早餐和燒烤晚餐', '2024-09-29 17:00:00', '2024-09-29 17:00:00'),
(290, 'RTC33C02', '標準型營位｜露營車', 33, 5, 'standard_rv401.jpg,standard_rv402.jpg', 8, 7400, '標準露營車，適合小家庭使用', '1張雙人床 + 1張沙發床', 4, '附早餐和簡餐', '2024-09-29 17:00:00', '2024-09-29 17:00:00'),
(291, 'RTC33C03', '豪華型營位｜露營車', 33, 6, 'luxury_rv401.jpg,luxury_rv402.jpg', 6, 9800, '豪華露營車，為您提供頂級的露營體驗', '1張大號雙人床 + 1張單人床', 4, '附全餐和專屬服務', '2024-09-29 17:00:00', '2024-09-29 17:00:00'),
(292, 'RTC33T01', '家庭型營位｜小木屋', 33, 7, 'family_cabin401.jpg,family_cabin402.jpg', 10, 6400, '適合家庭的溫馨小木屋', '1張雙人床 + 2張單人床', 5, '附早餐和燒烤晚餐', '2024-09-29 17:00:00', '2024-09-29 17:00:00'),
(293, 'RTC33T02', '標準型營位｜小木屋', 33, 8, 'standard_cabin401.jpg,standard_cabin402.jpg', 9, 7700, '標準小木屋，適合情侶或小家庭', '1張雙人床 + 1張沙發床', 4, '附早餐和晚餐', '2024-09-29 17:00:00', '2024-09-29 17:00:00'),
(294, 'RTC33T03', '豪華型營位｜小木屋', 33, 9, 'luxury_cabin401.jpg,luxury_cabin402.jpg', 7, 10000, '豪華小木屋，提供舒適且奢華的住宿體驗', '1張大號雙人床', 4, '附全餐和私人服務', '2024-09-29 17:00:00', '2024-09-29 17:00:00'),
(295, 'RTC33B01', '家庭型營位｜帳篷', 33, 10, 'family_tent401.jpg,family_tent402.jpg', 11, 6200, '親近自然的家庭帳篷，享受戶外的美好', '1張雙人床 + 2張單人床', 4, '附早餐和燒烤晚餐', '2024-09-29 17:00:00', '2024-09-29 17:00:00'),
(296, 'RTC33B02', '標準型營位｜帳篷', 33, 11, 'standard_tent401.jpg,standard_tent402.jpg', 10, 7100, '標準帳篷，為露營愛好者提供舒適的住宿', '1張雙人床', 3, '附早餐和晚餐', '2024-09-29 17:00:00', '2024-09-29 17:00:00'),
(297, 'RTC33B03', '豪華型營位｜帳篷', 33, 12, 'luxury_tent401.jpg,luxury_tent402.jpg', 8, 8700, '豪華帳篷，讓您享受五星級的露營體驗', '1張大號雙人床', 2, '附全餐和專屬服務', '2024-09-29 17:00:00', '2024-09-29 17:00:00'),
(298, 'RTC34C01', '家庭型營位｜露營車', 34, 4, 'family_rv403.jpg,family_rv404.jpg', 10, 6800, '家庭適用的露營車，舒適且便利', '1張雙人床 + 2張單人床', 5, '附早餐和燒烤晚餐', '2024-09-29 17:00:00', '2024-09-29 17:00:00'),
(299, 'RTC34C02', '標準型營位｜露營車', 34, 5, 'standard_rv403.jpg,standard_rv404.jpg', 8, 7500, '標準露營車，適合小家庭和朋友', '1張雙人床 + 1張沙發床', 4, '附早餐和簡餐', '2024-09-29 17:00:00', '2024-09-29 17:00:00'),
(300, 'RTC34C03', '豪華型營位｜露營車', 34, 6, 'luxury_rv403.jpg,luxury_rv404.jpg', 6, 9900, '豪華露營車，為您提供一流的露營體驗', '1張大號雙人床 + 1張單人床', 4, '附全餐和專屬服務', '2024-09-29 17:00:00', '2024-09-29 17:00:00'),
(301, 'RTC34T01', '家庭型營位｜小木屋', 34, 7, 'family_cabin403.jpg,family_cabin404.jpg', 10, 6500, '適合全家的溫馨小木屋，適合親子旅遊', '1張雙人床 + 2張單人床', 5, '附早餐和燒烤晚餐', '2024-09-29 17:00:00', '2024-09-29 17:00:00'),
(302, 'RTC34T02', '標準型營位｜小木屋', 34, 8, 'standard_cabin403.jpg,standard_cabin404.jpg', 9, 7800, '標準小木屋，為情侶或小家庭提供舒適的住宿', '1張雙人床 + 1張沙發床', 4, '附早餐和晚餐', '2024-09-29 17:00:00', '2024-09-29 17:00:00'),
(303, 'RTC34T03', '豪華型營位｜小木屋', 34, 9, 'luxury_cabin403.jpg,luxury_cabin404.jpg', 7, 10200, '豪華小木屋，享受奢華的住宿體驗', '1張大號雙人床', 4, '附全餐和私人服務', '2024-09-29 17:00:00', '2024-09-29 17:00:00'),
(304, 'RTC34B01', '家庭型營位｜帳篷', 34, 10, 'family_tent403.jpg,family_tent404.jpg', 11, 6300, '家庭帳篷，親近大自然，享受家庭時光', '1張雙人床 + 2張單人床', 4, '附早餐和燒烤晚餐', '2024-09-29 17:00:00', '2024-09-29 17:00:00'),
(305, 'RTC34B02', '標準型營位｜帳篷', 34, 11, 'standard_tent403.jpg,standard_tent404.jpg', 10, 7200, '標準帳篷，為喜愛露營的人士提供舒適的住宿', '1張雙人床', 3, '附早餐和晚餐', '2024-09-29 17:00:00', '2024-09-29 17:00:00'),
(306, 'RTC34B03', '豪華型營位｜帳篷', 34, 12, 'luxury_tent403.jpg,luxury_tent404.jpg', 8, 8900, '豪華帳篷，讓您享受高端露營體驗', '1張大號雙人床', 2, '附全餐和專屬服務', '2024-09-29 17:00:00', '2024-09-29 17:00:00'),
(307, 'RTC35C01', '家庭型營位｜露營車', 35, 4, 'family_rv501.jpg,family_rv502.jpg', 10, 7000, '家庭專用的露營車，舒適且適合長途旅行', '1張雙人床 + 2張單人床', 5, '附早餐和燒烤晚餐', '2024-09-29 17:00:00', '2024-09-29 17:00:00'),
(308, 'RTC35C02', '標準型營位｜露營車', 35, 5, 'standard_rv501.jpg,standard_rv502.jpg', 8, 7700, '標準露營車，為小型家庭提供便利的住宿', '1張雙人床 + 1張沙發床', 4, '附早餐和簡餐', '2024-09-29 17:00:00', '2024-09-29 17:00:00'),
(309, 'RTC35C03', '豪華型營位｜露營車', 35, 6, 'luxury_rv501.jpg,luxury_rv502.jpg', 6, 10100, '豪華露營車，配備所有必要的設施', '1張大號雙人床 + 1張單人床', 4, '附全餐和專屬服務', '2024-09-29 17:00:00', '2024-09-29 17:00:00'),
(310, 'RTC35T01', '家庭型營位｜小木屋', 35, 7, 'family_cabin501.jpg,family_cabin502.jpg', 10, 6800, '溫馨的小木屋，適合全家人共度假期', '1張雙人床 + 2張單人床', 5, '附早餐和燒烤晚餐', '2024-09-29 17:00:00', '2024-09-29 17:00:00'),
(311, 'RTC35T02', '標準型營位｜小木屋', 35, 8, 'standard_cabin501.jpg,standard_cabin502.jpg', 9, 8000, '舒適的小木屋，適合情侶或小家庭', '1張雙人床 + 1張沙發床', 4, '附早餐和晚餐', '2024-09-29 17:00:00', '2024-09-29 17:00:00'),
(312, 'RTC35T03', '豪華型營位｜小木屋', 35, 9, 'luxury_cabin501.jpg,luxury_cabin502.jpg', 7, 10500, '豪華小木屋，享受奢華的自然體驗', '1張大號雙人床', 4, '附全餐和私人服務', '2024-09-29 17:00:00', '2024-09-29 17:00:00'),
(313, 'RTC35B01', '家庭型營位｜帳篷', 35, 10, 'family_tent501.jpg,family_tent502.jpg', 11, 6500, '家庭帳篷，適合享受戶外時光', '1張雙人床 + 2張單人床', 4, '附早餐和燒烤晚餐', '2024-09-29 17:00:00', '2024-09-29 17:00:00'),
(314, 'RTC35B02', '標準型營位｜帳篷', 35, 11, 'standard_tent501.jpg,standard_tent502.jpg', 10, 7300, '標準帳篷，為喜愛露營的人士提供舒適住宿', '1張雙人床', 3, '附早餐和晚餐', '2024-09-29 17:00:00', '2024-09-29 17:00:00'),
(315, 'RTC35B03', '豪華型營位｜帳篷', 35, 12, 'luxury_tent501.jpg,luxury_tent502.jpg', 8, 9200, '豪華帳篷，享受高端的露營體驗', '1張大號雙人床', 2, '附全餐和專屬服務', '2024-09-29 17:00:00', '2024-09-29 17:00:00'),
(316, 'RTC36C01', '家庭型營位｜露營車', 36, 4, 'family_rv601.jpg,family_rv602.jpg', 10, 7200, '寬敞的家庭露營車，為您提供舒適的戶外體驗', '1張雙人床 + 2張單人床', 5, '附早餐和燒烤晚餐', '2024-09-29 17:00:00', '2024-09-29 17:00:00'),
(317, 'RTC36C02', '標準型營位｜露營車', 36, 5, 'standard_rv601.jpg,standard_rv602.jpg', 8, 7900, '適合小家庭的標準露營車，方便實用', '1張雙人床 + 1張沙發床', 4, '附早餐和簡餐', '2024-09-29 17:00:00', '2024-09-29 17:00:00'),
(318, 'RTC36C03', '豪華型營位｜露營車', 36, 6, 'luxury_rv601.jpg,luxury_rv602.jpg', 6, 10500, '高端豪華露營車，讓您享受最佳的露營體驗', '1張大號雙人床 + 1張單人床', 4, '附全餐和專屬服務', '2024-09-29 17:00:00', '2024-09-29 17:00:00'),
(319, 'RTC36T01', '家庭型營位｜小木屋', 36, 7, 'family_cabin601.jpg,family_cabin602.jpg', 10, 6700, '溫暖的小木屋，適合全家人一起享受假期', '1張雙人床 + 2張單人床', 5, '附早餐和燒烤晚餐', '2024-09-29 17:00:00', '2024-09-29 17:00:00'),
(320, 'RTC36T02', '標準型營位｜小木屋', 36, 8, 'standard_cabin601.jpg,standard_cabin602.jpg', 9, 7200, '舒適的標準小木屋，為您提供完美的住宿', '1張雙人床 + 1張沙發床', 4, '附早餐和晚餐', '2024-09-29 17:00:00', '2024-09-29 17:00:00'),
(321, 'RTC36T03', '豪華型營位｜小木屋', 36, 9, 'luxury_cabin601.jpg,luxury_cabin602.jpg', 7, 11000, '奢華小木屋，讓您的露營體驗更上層樓', '1張大號雙人床', 4, '附全餐和私人服務', '2024-09-29 17:00:00', '2024-09-29 17:00:00'),
(322, 'RTC36B01', '家庭型營位｜帳篷', 36, 10, 'family_tent601.jpg,family_tent602.jpg', 11, 6400, '舒適的家庭帳篷，讓您享受自然的同時保持舒適', '1張雙人床 + 2張單人床', 4, '附早餐和燒烤晚餐', '2024-09-29 17:00:00', '2024-09-29 17:00:00'),
(323, 'RTC36B02', '標準型營位｜帳篷', 36, 11, 'standard_tent601.jpg,standard_tent602.jpg', 10, 7000, '適合露營的標準帳篷，提供良好的住宿條件', '1張雙人床', 3, '附早餐和晚餐', '2024-09-29 17:00:00', '2024-09-29 17:00:00'),
(324, 'RTC36B03', '豪華型營位｜帳篷', 36, 12, 'luxury_tent601.jpg,luxury_tent602.jpg', 8, 9500, '豪華帳篷，為您提供高端的露營體驗', '1張大號雙人床', 2, '附全餐和專屬服務', '2024-09-29 17:00:00', '2024-09-29 17:00:00'),
(325, 'RTC37C01', '家庭型營位｜露營車', 37, 4, 'family_rv701.jpg,family_rv702.jpg', 10, 7500, '舒適寬敞的家庭露營車，完美適合全家出遊', '1張雙人床 + 2張單人床', 5, '附早餐和燒烤晚餐', '2024-09-29 17:00:00', '2024-09-29 17:00:00'),
(326, 'RTC37C02', '標準型營位｜露營車', 37, 5, 'standard_rv701.jpg,standard_rv702.jpg', 8, 8000, '實用的標準露營車，讓您體驗大自然的魅力', '1張雙人床 + 1張沙發床', 4, '附早餐和簡餐', '2024-09-29 17:00:00', '2024-09-29 17:00:00'),
(327, 'RTC37C03', '豪華型營位｜露營車', 37, 6, 'luxury_rv701.jpg,luxury_rv702.jpg', 6, 10500, '高端豪華露營車，讓您在大自然中享受奢華', '1張大號雙人床 + 1張單人床', 4, '附全餐和專屬服務', '2024-09-29 17:00:00', '2024-09-29 17:00:00'),
(328, 'RTC37T01', '家庭型營位｜小木屋', 37, 7, 'family_cabin701.jpg,family_cabin702.jpg', 10, 6800, '適合家庭的溫馨小木屋，讓您享受親子時光', '1張雙人床 + 2張單人床', 5, '附早餐和燒烤晚餐', '2024-09-29 17:00:00', '2024-09-29 17:00:00'),
(329, 'RTC37T02', '標準型營位｜小木屋', 37, 8, 'standard_cabin701.jpg,standard_cabin702.jpg', 9, 7300, '舒適的標準小木屋，適合小型家庭使用', '1張雙人床 + 1張沙發床', 4, '附早餐和晚餐', '2024-09-29 17:00:00', '2024-09-29 17:00:00'),
(330, 'RTC37T03', '豪華型營位｜小木屋', 37, 9, 'luxury_cabin701.jpg,luxury_cabin702.jpg', 7, 11500, '豪華小木屋，提供您最好的露營體驗', '1張大號雙人床', 4, '附全餐和私人服務', '2024-09-29 17:00:00', '2024-09-29 17:00:00'),
(331, 'RTC37B01', '家庭型營位｜帳篷', 37, 10, 'family_tent701.jpg,family_tent702.jpg', 11, 6500, '舒適的家庭帳篷，讓您享受自然的美好', '1張雙人床 + 2張單人床', 4, '附早餐和燒烤晚餐', '2024-09-29 17:00:00', '2024-09-29 17:00:00'),
(332, 'RTC37B02', '標準型營位｜帳篷', 37, 11, 'standard_tent701.jpg,standard_tent702.jpg', 10, 7200, '標準帳篷，為您提供良好的住宿環境', '1張雙人床', 3, '附早餐和晚餐', '2024-09-29 17:00:00', '2024-09-29 17:00:00'),
(333, 'RTC37B03', '豪華型營位｜帳篷', 37, 12, 'luxury_tent701.jpg,luxury_tent702.jpg', 8, 9800, '豪華帳篷，讓您在露營中也能享受高端服務', '1張大號雙人床', 2, '附全餐和專屬服務', '2024-09-29 17:00:00', '2024-09-29 17:00:00'),
(334, 'RTC38C01', '家庭型營位｜露營車', 38, 4, 'family_rv801.jpg,family_rv802.jpg', 10, 7800, '舒適的家庭露營車，讓您與家人一起享受自然', '1張雙人床 + 2張單人床', 5, '附早餐和燒烤晚餐', '2024-09-29 17:00:00', '2024-09-29 17:00:00'),
(335, 'RTC38C02', '標準型營位｜露營車', 38, 5, 'standard_rv801.jpg,standard_rv802.jpg', 8, 8300, '現代設計的標準露營車，讓您輕鬆享受大自然', '1張雙人床 + 1張沙發床', 4, '附早餐和簡餐', '2024-09-29 17:00:00', '2024-09-29 17:00:00'),
(336, 'RTC38C03', '豪華型營位｜露營車', 38, 6, 'luxury_rv801.jpg,luxury_rv802.jpg', 6, 11000, '高端露營車，提供奢華的露營體驗', '1張大號雙人床 + 1張單人床', 4, '附全餐和專屬服務', '2024-09-29 17:00:00', '2024-09-29 17:00:00'),
(337, 'RTC38T01', '家庭型營位｜小木屋', 38, 7, 'family_cabin801.jpg,family_cabin802.jpg', 10, 7000, '適合全家的溫馨小木屋，讓您享受舒適住宿', '1張雙人床 + 2張單人床', 5, '附早餐和燒烤晚餐', '2024-09-29 17:00:00', '2024-09-29 17:00:00'),
(338, 'RTC38T02', '標準型營位｜小木屋', 38, 8, 'standard_cabin801.jpg,standard_cabin802.jpg', 9, 7500, '實用的小木屋，讓您輕鬆體驗露營樂趣', '1張雙人床 + 1張沙發床', 4, '附早餐和晚餐', '2024-09-29 17:00:00', '2024-09-29 17:00:00'),
(339, 'RTC38T03', '豪華型營位｜小木屋', 38, 9, 'luxury_cabin801.jpg,luxury_cabin802.jpg', 7, 12000, '豪華小木屋，讓您享受高端露營服務', '1張大號雙人床', 4, '附全餐和私人服務', '2024-09-29 17:00:00', '2024-09-29 17:00:00'),
(340, 'RTC38B01', '家庭型營位｜帳篷', 38, 10, 'family_tent801.jpg,family_tent802.jpg', 11, 6800, '適合家庭的舒適帳篷，享受大自然的美好', '1張雙人床 + 2張單人床', 4, '附早餐和燒烤晚餐', '2024-09-29 17:00:00', '2024-09-29 17:00:00'),
(341, 'RTC38B02', '標準型營位｜帳篷', 38, 11, 'standard_tent801.jpg,standard_tent802.jpg', 10, 7300, '標準帳篷，讓您在戶外享受舒適住宿', '1張雙人床', 3, '附早餐和晚餐', '2024-09-29 17:00:00', '2024-09-29 17:00:00'),
(342, 'RTC38B03', '豪華型營位｜帳篷', 38, 12, 'luxury_tent801.jpg,luxury_tent802.jpg', 8, 10000, '豪華帳篷，提供您最好的露營體驗', '1張大號雙人床', 2, '附全餐和專屬服務', '2024-09-29 17:00:00', '2024-09-29 17:00:00'),
(343, 'RTC39C01', '家庭型營位｜露營車', 39, 4, 'family_rv901.jpg,family_rv902.jpg', 10, 8000, '適合家庭的露營車，提供舒適的住宿體驗', '1張雙人床 + 2張單人床', 5, '附早餐和燒烤晚餐', '2024-09-29 17:00:00', '2024-09-29 17:00:00'),
(344, 'RTC39C02', '標準型營位｜露營車', 39, 5, 'standard_rv901.jpg,standard_rv902.jpg', 8, 8500, '標準露營車，讓您享受露營的樂趣', '1張雙人床 + 1張沙發床', 4, '附早餐和簡餐', '2024-09-29 17:00:00', '2024-09-29 17:00:00'),
(345, 'RTC39C03', '豪華型營位｜露營車', 39, 6, 'luxury_rv901.jpg,luxury_rv902.jpg', 6, 11500, '高級露營車，提供最舒適的露營體驗', '1張大號雙人床 + 1張單人床', 4, '附全餐和專屬服務', '2024-09-29 17:00:00', '2024-09-29 17:00:00'),
(346, 'RTC39T01', '家庭型營位｜小木屋', 39, 7, 'family_cabin901.jpg,family_cabin902.jpg', 10, 7200, '溫馨的小木屋，適合全家人居住', '1張雙人床 + 2張單人床', 5, '附早餐和燒烤晚餐', '2024-09-29 17:00:00', '2024-09-29 17:00:00'),
(347, 'RTC39T02', '標準型營位｜小木屋', 39, 8, 'standard_cabin901.jpg,standard_cabin902.jpg', 9, 7700, '實用的小木屋，讓您體驗露營的魅力', '1張雙人床 + 1張沙發床', 4, '附早餐和晚餐', '2024-09-29 17:00:00', '2024-09-29 17:00:00'),
(348, 'RTC39T03', '豪華型營位｜小木屋', 39, 9, 'luxury_cabin901.jpg,luxury_cabin902.jpg', 7, 12500, '豪華小木屋，為您提供最佳的住宿體驗', '1張大號雙人床', 4, '附全餐和私人服務', '2024-09-29 17:00:00', '2024-09-29 17:00:00'),
(349, 'RTC39B01', '家庭型營位｜帳篷', 39, 10, 'family_tent901.jpg,family_tent902.jpg', 11, 6900, '舒適的家庭帳篷，讓您享受戶外樂趣', '1張雙人床 + 2張單人床', 4, '附早餐和燒烤晚餐', '2024-09-29 17:00:00', '2024-09-29 17:00:00'),
(350, 'RTC39B02', '標準型營位｜帳篷', 39, 11, 'standard_tent901.jpg,standard_tent902.jpg', 10, 7400, '標準帳篷，提供舒適的露營體驗', '1張雙人床', 3, '附早餐和晚餐', '2024-09-29 17:00:00', '2024-09-29 17:00:00'),
(351, 'RTC39B03', '豪華型營位｜帳篷', 39, 12, 'luxury_tent901.jpg,luxury_tent902.jpg', 8, 10500, '豪華帳篷，為您提供難忘的露營體驗', '1張大號雙人床', 2, '附全餐和專屬服務', '2024-09-29 17:00:00', '2024-09-29 17:00:00'),
(352, 'RTC40C01', '家庭型營位｜露營車', 40, 4, 'family_rv901.jpg,family_rv902.jpg', 10, 8200, '適合家庭的露營車，提供寬敞舒適的住宿環境', '1張雙人床 + 2張單人床', 5, '附早餐和燒烤晚餐', '2024-09-29 17:00:00', '2024-09-29 17:00:00'),
(353, 'RTC40C02', '標準型營位｜露營車', 40, 5, 'standard_rv901.jpg,standard_rv902.jpg', 8, 8700, '標準露營車，設計簡約卻不失舒適', '1張雙人床 + 1張沙發床', 4, '附早餐和簡餐', '2024-09-29 17:00:00', '2024-09-29 17:00:00'),
(354, 'RTC40C03', '豪華型營位｜露營車', 40, 6, 'luxury_rv901.jpg,luxury_rv902.jpg', 6, 11800, '豪華露營車，為您提供最高級的露營體驗', '1張大號雙人床 + 1張單人床', 4, '附全餐和專屬服務', '2024-09-29 17:00:00', '2024-09-29 17:00:00'),
(355, 'RTC40T01', '家庭型營位｜小木屋', 40, 7, 'family_cabin901.jpg,family_cabin902.jpg', 10, 7400, '溫暖的小木屋，讓您享受與家人一起的舒適時光', '1張雙人床 + 2張單人床', 5, '附早餐和燒烤晚餐', '2024-09-29 17:00:00', '2024-09-29 17:00:00'),
(356, 'RTC40T02', '標準型營位｜小木屋', 40, 8, 'standard_cabin901.jpg,standard_cabin902.jpg', 9, 7900, '功能性的小木屋，提供完美的露營體驗', '1張雙人床 + 1張沙發床', 4, '附早餐和晚餐', '2024-09-29 17:00:00', '2024-09-29 17:00:00'),
(357, 'RTC40T03', '豪華型營位｜小木屋', 40, 9, 'luxury_cabin901.jpg,luxury_cabin902.jpg', 7, 12800, '奢華的小木屋，提供無與倫比的舒適感', '1張大號雙人床', 4, '附全餐和私人服務', '2024-09-29 17:00:00', '2024-09-29 17:00:00'),
(358, 'RTC40B01', '家庭型營位｜帳篷', 40, 10, 'family_tent901.jpg,family_tent902.jpg', 11, 7100, '舒適的家庭帳篷，適合戶外的家庭聚會', '1張雙人床 + 2張單人床', 4, '附早餐和燒烤晚餐', '2024-09-29 17:00:00', '2024-09-29 17:00:00'),
(359, 'RTC40B02', '標準型營位｜帳篷', 40, 11, 'standard_tent901.jpg,standard_tent902.jpg', 10, 7600, '標準帳篷，提供便捷舒適的住宿', '1張雙人床', 3, '附早餐和晚餐', '2024-09-29 17:00:00', '2024-09-29 17:00:00'),
(360, 'RTC40B03', '豪華型營位｜帳篷', 40, 12, 'luxury_tent901.jpg,luxury_tent902.jpg', 8, 10800, '奢華帳篷，為您提供舒適的露營體驗', '1張大號雙人床', 2, '附全餐和專屬服務', '2024-09-29 17:00:00', '2024-09-29 17:00:00'),
(361, 'RTC41C01', '家庭型營位｜露營車', 41, 4, 'family_rv101.jpg,family_rv102.jpg', 10, 8400, '適合全家人的露營車，寬敞舒適，讓您享受假期', '1張雙人床 + 2張單人床', 5, '附早餐和燒烤晚餐', '2024-09-29 17:00:00', '2024-09-29 17:00:00'),
(362, 'RTC41C02', '標準型營位｜露營車', 41, 5, 'standard_rv101.jpg,standard_rv102.jpg', 8, 8900, '標準露營車，設計實用，讓您輕鬆享受露營生活', '1張雙人床 + 1張沙發床', 4, '附早餐和簡餐', '2024-09-29 17:00:00', '2024-09-29 17:00:00'),
(363, 'RTC41C03', '豪華型營位｜露營車', 41, 6, 'luxury_rv101.jpg,luxury_rv102.jpg', 6, 12300, '豪華露營車，為您提供最高級的露營體驗', '1張大號雙人床 + 1張單人床', 4, '附全餐和專屬服務', '2024-09-29 17:00:00', '2024-09-29 17:00:00'),
(364, 'RTC41T01', '家庭型營位｜小木屋', 41, 7, 'family_cabin101.jpg,family_cabin102.jpg', 10, 7700, '溫馨的小木屋，讓您和家人享受舒適的露營時光', '1張雙人床 + 2張單人床', 5, '附早餐和燒烤晚餐', '2024-09-29 17:00:00', '2024-09-29 17:00:00'),
(365, 'RTC41T02', '標準型營位｜小木屋', 41, 8, 'standard_cabin101.jpg,standard_cabin102.jpg', 9, 8200, '舒適的小木屋，為您提供完美的露營體驗', '1張雙人床 + 1張沙發床', 4, '附早餐和晚餐', '2024-09-29 17:00:00', '2024-09-29 17:00:00'),
(366, 'RTC41T03', '豪華型營位｜小木屋', 41, 9, 'luxury_cabin101.jpg,luxury_cabin102.jpg', 7, 13200, '奢華的小木屋，提供無與倫比的舒適感', '1張大號雙人床', 4, '附全餐和私人服務', '2024-09-29 17:00:00', '2024-09-29 17:00:00'),
(367, 'RTC41B01', '家庭型營位｜帳篷', 41, 10, 'family_tent101.jpg,family_tent102.jpg', 11, 7400, '舒適的家庭帳篷，適合戶外的家庭聚會', '1張雙人床 + 2張單人床', 4, '附早餐和燒烤晚餐', '2024-09-29 17:00:00', '2024-09-29 17:00:00'),
(368, 'RTC41B02', '標準型營位｜帳篷', 41, 11, 'standard_tent101.jpg,standard_tent102.jpg', 10, 7900, '標準帳篷，提供便捷舒適的住宿', '1張雙人床', 3, '附早餐和晚餐', '2024-09-29 17:00:00', '2024-09-29 17:00:00'),
(369, 'RTC41B03', '豪華型營位｜帳篷', 41, 12, 'luxury_tent101.jpg,luxury_tent102.jpg', 8, 11100, '奢華帳篷，為您提供舒適的露營體驗', '1張大號雙人床', 2, '附全餐和專屬服務', '2024-09-29 17:00:00', '2024-09-29 17:00:00'),
(370, 'RTC42C01', '家庭型營位｜露營車', 42, 4, 'family_rv201.jpg,family_rv202.jpg', 12, 8500, '寬敞的家庭露營車，適合家庭出遊', '1張雙人床 + 2張單人床', 5, '附早餐和晚餐', '2024-09-29 17:00:00', '2024-09-29 17:00:00'),
(371, 'RTC42C02', '標準型營位｜露營車', 42, 5, 'standard_rv201.jpg,standard_rv202.jpg', 10, 9000, '實用的標準露營車，讓您輕鬆享受露營樂趣', '1張雙人床 + 1張單人床', 4, '附早餐', '2024-09-29 17:00:00', '2024-09-29 17:00:00'),
(372, 'RTC42C03', '豪華型營位｜露營車', 42, 6, 'luxury_rv201.jpg,luxury_rv202.jpg', 8, 12500, '豪華露營車，給您最好的露營體驗', '1張大號雙人床', 3, '附全餐', '2024-09-29 17:00:00', '2024-09-29 17:00:00'),
(373, 'RTC42T01', '家庭型營位｜小木屋', 42, 7, 'family_cabin201.jpg,family_cabin202.jpg', 12, 7800, '舒適的小木屋，為家庭提供完美的居住空間', '1張雙人床 + 2張單人床', 5, '附早餐和燒烤晚餐', '2024-09-29 17:00:00', '2024-09-29 17:00:00'),
(374, 'RTC42T02', '標準型營位｜小木屋', 42, 8, 'standard_cabin201.jpg,standard_cabin202.jpg', 10, 8300, '標準小木屋，帶來輕鬆愉快的露營體驗', '1張雙人床 + 1張沙發床', 4, '附早餐', '2024-09-29 17:00:00', '2024-09-29 17:00:00'),
(375, 'RTC42T03', '豪華型營位｜小木屋', 42, 9, 'luxury_cabin201.jpg,luxury_cabin202.jpg', 9, 13500, '奢華小木屋，提供無與倫比的舒適感', '1張大號雙人床', 3, '附全餐和專屬服務', '2024-09-29 17:00:00', '2024-09-29 17:00:00'),
(376, 'RTC42B01', '家庭型營位｜帳篷', 42, 10, 'family_tent201.jpg,family_tent202.jpg', 10, 7500, '寬敞的家庭帳篷，適合家庭聚會', '1張雙人床 + 2張單人床', 5, '附早餐', '2024-09-29 17:00:00', '2024-09-29 17:00:00'),
(377, 'RTC42B02', '標準型營位｜帳篷', 42, 11, 'standard_tent201.jpg,standard_tent202.jpg', 9, 8000, '標準帳篷，適合各種戶外活動', '1張雙人床', 3, '附早餐和晚餐', '2024-09-29 17:00:00', '2024-09-29 17:00:00'),
(378, 'RTC42B03', '豪華型營位｜帳篷', 42, 12, 'luxury_tent201.jpg,luxury_tent202.jpg', 8, 11500, '豪華帳篷，提供舒適的露營體驗', '1張大號雙人床', 2, '附全餐和專屬服務', '2024-09-29 17:00:00', '2024-09-29 17:00:00'),
(379, 'RTC43C01', '家庭型營位｜露營車', 43, 4, 'family_rv301.jpg,family_rv302.jpg', 15, 8800, '適合家庭的寬敞露營車，提供舒適的休息空間', '1張雙人床 + 2張單人床', 6, '附早餐', '2024-09-29 17:00:00', '2024-09-29 17:00:00'),
(380, 'RTC43C02', '標準型營位｜露營車', 43, 5, 'standard_rv301.jpg,standard_rv302.jpg', 12, 9300, '舒適的標準露營車，讓您享受完美的露營體驗', '1張雙人床 + 1張沙發床', 5, '附早餐和晚餐', '2024-09-29 17:00:00', '2024-09-29 17:00:00'),
(381, 'RTC43C03', '豪華型營位｜露營車', 43, 6, 'luxury_rv301.jpg,luxury_rv302.jpg', 8, 13000, '奢華露營車，提供極致的舒適感受', '1張大號雙人床', 3, '附全餐', '2024-09-29 17:00:00', '2024-09-29 17:00:00'),
(382, 'RTC43T01', '家庭型營位｜小木屋', 43, 7, 'family_cabin301.jpg,family_cabin302.jpg', 12, 7900, '溫馨的小木屋，為家庭提供理想的住宿選擇', '1張雙人床 + 2張單人床', 5, '附早餐和燒烤晚餐', '2024-09-29 17:00:00', '2024-09-29 17:00:00'),
(383, 'RTC43T02', '標準型營位｜小木屋', 43, 8, 'standard_cabin301.jpg,standard_cabin302.jpg', 10, 8400, '實用的標準小木屋，適合各類型的露營客', '1張雙人床 + 1張單人床', 4, '附早餐', '2024-09-29 17:00:00', '2024-09-29 17:00:00'),
(384, 'RTC43T03', '豪華型營位｜小木屋', 43, 9, 'luxury_cabin301.jpg,luxury_cabin302.jpg', 9, 14000, '極致豪華的小木屋，提供最高品質的露營體驗', '1張大號雙人床', 3, '附全餐和專屬服務', '2024-09-29 17:00:00', '2024-09-29 17:00:00'),
(385, 'RTC43B01', '家庭型營位｜帳篷', 43, 10, 'family_tent301.jpg,family_tent302.jpg', 10, 7600, '寬敞的家庭帳篷，適合家庭聚會和戶外活動', '1張雙人床 + 2張單人床', 5, '附早餐', '2024-09-29 17:00:00', '2024-09-29 17:00:00'),
(386, 'RTC43B02', '標準型營位｜帳篷', 43, 11, 'standard_tent301.jpg,standard_tent302.jpg', 9, 8100, '標準帳篷，提供良好的住宿條件', '1張雙人床', 3, '附早餐和燒烤晚餐', '2024-09-29 17:00:00', '2024-09-29 17:00:00'),
(387, 'RTC43B03', '豪華型營位｜帳篷', 43, 12, 'luxury_tent301.jpg,luxury_tent302.jpg', 8, 11800, '豪華帳篷，為您提供獨特的露營體驗', '1張大號雙人床', 2, '附全餐和專屬服務', '2024-09-29 17:00:00', '2024-09-29 17:00:00'),
(388, 'RTC44C01', '家庭型營位｜露營車', 44, 4, 'family_rv401.jpg,family_rv402.jpg', 12, 9000, '適合家庭的寬敞露營車，讓您享受家庭時光', '1張雙人床 + 2張單人床', 6, '附早餐', '2024-09-29 17:00:00', '2024-09-29 17:00:00'),
(389, 'RTC44C02', '標準型營位｜露營車', 44, 5, 'standard_rv401.jpg,standard_rv402.jpg', 10, 9500, '舒適的標準露營車，讓您擁有愉快的露營經驗', '1張雙人床 + 1張沙發床', 4, '附早餐和晚餐', '2024-09-29 17:00:00', '2024-09-29 17:00:00'),
(390, 'RTC44C03', '豪華型營位｜露營車', 44, 6, 'luxury_rv401.jpg,luxury_rv402.jpg', 8, 13500, '豪華露營車，提供舒適的住宿和豪華的享受', '1張大號雙人床', 3, '附全餐', '2024-09-29 17:00:00', '2024-09-29 17:00:00'),
(391, 'RTC44T01', '家庭型營位｜小木屋', 44, 7, 'family_cabin401.jpg,family_cabin402.jpg', 12, 8200, '溫暖的小木屋，適合家庭聚會和休閒活動', '1張雙人床 + 2張單人床', 5, '附早餐和燒烤晚餐', '2024-09-29 17:00:00', '2024-09-29 17:00:00'),
(392, 'RTC44T02', '標準型營位｜小木屋', 44, 8, 'standard_cabin401.jpg,standard_cabin402.jpg', 10, 8700, '實用的標準小木屋，適合各類型的露營客', '1張雙人床 + 1張單人床', 4, '附早餐', '2024-09-29 17:00:00', '2024-09-29 17:00:00'),
(393, 'RTC44T03', '豪華型營位｜小木屋', 44, 9, 'luxury_cabin401.jpg,luxury_cabin402.jpg', 9, 14500, '奢華的小木屋，提供高品質的露營體驗', '1張大號雙人床', 3, '附全餐和專屬服務', '2024-09-29 17:00:00', '2024-09-29 17:00:00'),
(394, 'RTC44B01', '家庭型營位｜帳篷', 44, 10, 'family_tent401.jpg,family_tent402.jpg', 10, 7800, '寬敞的家庭帳篷，適合各種戶外活動', '1張雙人床 + 2張單人床', 5, '附早餐', '2024-09-29 17:00:00', '2024-09-29 17:00:00'),
(395, 'RTC44B02', '標準型營位｜帳篷', 44, 11, 'standard_tent401.jpg,standard_tent402.jpg', 9, 8300, '標準帳篷，提供舒適的住宿條件', '1張雙人床', 3, '附早餐和燒烤晚餐', '2024-09-29 17:00:00', '2024-09-29 17:00:00'),
(396, 'RTC44B03', '豪華型營位｜帳篷', 44, 12, 'luxury_tent401.jpg,luxury_tent402.jpg', 8, 12000, '豪華帳篷，為您提供獨特的露營體驗', '1張大號雙人床', 2, '附全餐和專屬服務', '2024-09-29 17:00:00', '2024-09-29 17:00:00'),
(397, 'RTC45C01', '家庭型營位｜露營車', 45, 4, 'family_rv4501.jpg,family_rv4502.jpg', 10, 9200, '適合家庭的寬敞露營車，讓您享受溫馨的時光', '1張雙人床 + 2張單人床', 6, '附早餐', '2024-09-29 17:00:00', '2024-09-29 17:00:00'),
(398, 'RTC45C02', '標準型營位｜露營車', 45, 5, 'standard_rv4501.jpg,standard_rv4502.jpg', 8, 9800, '舒適的標準露營車，讓您擁有愉快的露營經驗', '1張雙人床 + 1張沙發床', 4, '附早餐和晚餐', '2024-09-29 17:00:00', '2024-09-29 17:00:00'),
(399, 'RTC45C03', '豪華型營位｜露營車', 45, 6, 'luxury_rv4501.jpg,luxury_rv4502.jpg', 6, 14000, '豪華露營車，提供舒適的住宿和奢華享受', '1張大號雙人床', 3, '附全餐', '2024-09-29 17:00:00', '2024-09-29 17:00:00'),
(400, 'RTC45T01', '家庭型營位｜小木屋', 45, 7, 'family_cabin4501.jpg,family_cabin4502.jpg', 12, 8500, '溫暖的小木屋，適合家庭聚會和休閒活動', '1張雙人床 + 2張單人床', 5, '附早餐和燒烤晚餐', '2024-09-29 17:00:00', '2024-09-29 17:00:00'),
(401, 'RTC45T02', '標準型營位｜小木屋', 45, 8, 'standard_cabin4501.jpg,standard_cabin4502.jpg', 10, 9000, '實用的標準小木屋，適合各類型的露營客', '1張雙人床 + 1張單人床', 4, '附早餐', '2024-09-29 17:00:00', '2024-09-29 17:00:00'),
(402, 'RTC45T03', '豪華型營位｜小木屋', 45, 9, 'luxury_cabin4501.jpg,luxury_cabin4502.jpg', 8, 15000, '奢華的小木屋，提供高品質的露營體驗', '1張大號雙人床', 3, '附全餐和專屬服務', '2024-09-29 17:00:00', '2024-09-29 17:00:00'),
(403, 'RTC45B01', '家庭型營位｜帳篷', 45, 10, 'family_tent4501.jpg,family_tent4502.jpg', 10, 8000, '寬敞的家庭帳篷，適合各種戶外活動', '1張雙人床 + 2張單人床', 5, '附早餐', '2024-09-29 17:00:00', '2024-09-29 17:00:00'),
(404, 'RTC45B02', '標準型營位｜帳篷', 45, 11, 'standard_tent4501.jpg,standard_tent4502.jpg', 9, 8500, '標準帳篷，提供舒適的住宿條件', '1張雙人床', 3, '附早餐和燒烤晚餐', '2024-09-29 17:00:00', '2024-09-29 17:00:00'),
(405, 'RTC45B03', '豪華型營位｜帳篷', 45, 12, 'luxury_tent4501.jpg,luxury_tent4502.jpg', 8, 12500, '豪華帳篷，為您提供獨特的露營體驗', '1張大號雙人床', 2, '附全餐和專屬服務', '2024-09-29 17:00:00', '2024-09-29 17:00:00'),
(406, 'RTC46C01', '家庭型營位｜露營車', 46, 4, 'family_rv4601.jpg,family_rv4602.jpg', 10, 9400, '適合全家的露營車，提供舒適的住宿環境', '1張雙人床 + 2張單人床', 6, '附早餐', '2024-09-29 17:00:00', '2024-09-29 17:00:00'),
(407, 'RTC46C02', '標準型營位｜露營車', 46, 5, 'standard_rv4601.jpg,standard_rv4602.jpg', 8, 9900, '經典的標準露營車，讓您享受大自然', '1張雙人床 + 1張沙發床', 4, '附早餐和晚餐', '2024-09-29 17:00:00', '2024-09-29 17:00:00'),
(408, 'RTC46C03', '豪華型營位｜露營車', 46, 6, 'luxury_rv4601.jpg,luxury_rv4602.jpg', 6, 14200, '豪華露營車，提供極致的舒適和奢華', '1張大號雙人床', 3, '附全餐', '2024-09-29 17:00:00', '2024-09-29 17:00:00'),
(409, 'RTC46T01', '家庭型營位｜小木屋', 46, 7, 'family_cabin4601.jpg,family_cabin4602.jpg', 12, 8700, '溫馨的小木屋，適合家庭聚會', '1張雙人床 + 2張單人床', 5, '附早餐和燒烤晚餐', '2024-09-29 17:00:00', '2024-09-29 17:00:00'),
(410, 'RTC46T02', '標準型營位｜小木屋', 46, 8, 'standard_cabin4601.jpg,standard_cabin4602.jpg', 10, 9200, '標準小木屋，提供良好的住宿體驗', '1張雙人床 + 1張單人床', 4, '附早餐', '2024-09-29 17:00:00', '2024-09-29 17:00:00'),
(411, 'RTC46T03', '豪華型營位｜小木屋', 46, 9, 'luxury_cabin4601.jpg,luxury_cabin4602.jpg', 8, 15500, '高檔的小木屋，適合奢華露營', '1張大號雙人床', 3, '附全餐和專屬服務', '2024-09-29 17:00:00', '2024-09-29 17:00:00'),
(412, 'RTC46B01', '家庭型營位｜帳篷', 46, 10, 'family_tent4601.jpg,family_tent4602.jpg', 10, 8200, '寬敞的家庭帳篷，適合各種活動', '1張雙人床 + 2張單人床', 5, '附早餐', '2024-09-29 17:00:00', '2024-09-29 17:00:00'),
(413, 'RTC46B02', '標準型營位｜帳篷', 46, 11, 'standard_tent4601.jpg,standard_tent4602.jpg', 9, 8600, '標準帳篷，為您提供舒適的住宿', '1張雙人床', 3, '附早餐和燒烤晚餐', '2024-09-29 17:00:00', '2024-09-29 17:00:00'),
(414, 'RTC46B03', '豪華型營位｜帳篷', 46, 12, 'luxury_tent4601.jpg,luxury_tent4602.jpg', 8, 12800, '奢華帳篷，帶來獨特的露營體驗', '1張大號雙人床', 2, '附全餐和專屬服務', '2024-09-29 17:00:00', '2024-09-29 17:00:00'),
(415, 'RTC47C01', '家庭型營位｜露營車', 47, 4, 'family_rv4701.jpg,family_rv4702.jpg', 10, 9500, '全家共享的舒適露營車，配備完善設施', '1張雙人床 + 2張單人床', 6, '附早餐', '2024-09-29 17:00:00', '2024-09-29 17:00:00'),
(416, 'RTC47C02', '標準型營位｜露營車', 47, 5, 'standard_rv4701.jpg,standard_rv4702.jpg', 8, 9900, '標準露營車，讓您在大自然中放鬆', '1張雙人床 + 1張沙發床', 4, '附早餐和晚餐', '2024-09-29 17:00:00', '2024-09-29 17:00:00'),
(417, 'RTC47C03', '豪華型營位｜露營車', 47, 6, 'luxury_rv4701.jpg,luxury_rv4702.jpg', 6, 14500, '高端露營車，為您提供奢華的住宿體驗', '1張大號雙人床', 3, '附全餐', '2024-09-29 17:00:00', '2024-09-29 17:00:00'),
(418, 'RTC47T01', '家庭型營位｜小木屋', 47, 7, 'family_cabin4701.jpg,family_cabin4702.jpg', 12, 8800, '適合家庭的溫暖小木屋，讓您放鬆身心', '1張雙人床 + 2張單人床', 5, '附早餐和燒烤晚餐', '2024-09-29 17:00:00', '2024-09-29 17:00:00'),
(419, 'RTC47T02', '標準型營位｜小木屋', 47, 8, 'standard_cabin4701.jpg,standard_cabin4702.jpg', 10, 9300, '經典小木屋，提供舒適的住宿選擇', '1張雙人床 + 1張單人床', 4, '附早餐', '2024-09-29 17:00:00', '2024-09-29 17:00:00'),
(420, 'RTC47T03', '豪華型營位｜小木屋', 47, 9, 'luxury_cabin4701.jpg,luxury_cabin4702.jpg', 8, 15800, '奢華的小木屋，適合浪漫露營', '1張大號雙人床', 3, '附全餐和專屬服務', '2024-09-29 17:00:00', '2024-09-29 17:00:00'),
(421, 'RTC47B01', '家庭型營位｜帳篷', 47, 10, 'family_tent4701.jpg,family_tent4702.jpg', 10, 8300, '寬敞的家庭帳篷，適合各種戶外活動', '1張雙人床 + 2張單人床', 5, '附早餐', '2024-09-29 17:00:00', '2024-09-29 17:00:00'),
(422, 'RTC47B02', '標準型營位｜帳篷', 47, 11, 'standard_tent4701.jpg,standard_tent4702.jpg', 9, 8700, '標準帳篷，為您提供舒適的住宿環境', '1張雙人床', 3, '附早餐和燒烤晚餐', '2024-09-29 17:00:00', '2024-09-29 17:00:00'),
(423, 'RTC47B03', '豪華型營位｜帳篷', 47, 12, 'luxury_tent4701.jpg,luxury_tent4702.jpg', 8, 13000, '奢華帳篷，帶來獨特的露營體驗', '1張大號雙人床', 2, '附全餐和專屬服務', '2024-09-29 17:00:00', '2024-09-29 17:00:00'),
(424, 'RTC48C01', '家庭型營位｜露營車', 48, 4, 'family_rv4801.jpg,family_rv4802.jpg', 10, 9500, '舒適的家庭露營車，適合全家出遊', '1張雙人床 + 2張單人床', 6, '附早餐', '2024-09-29 17:00:00', '2024-09-29 17:00:00'),
(425, 'RTC48C02', '標準型營位｜露營車', 48, 5, 'standard_rv4801.jpg,standard_rv4802.jpg', 8, 9900, '標準露營車，享受舒適的戶外體驗', '1張雙人床 + 1張沙發床', 4, '附早餐和晚餐', '2024-09-29 17:00:00', '2024-09-29 17:00:00'),
(426, 'RTC48C03', '豪華型營位｜露營車', 48, 6, 'luxury_rv4801.jpg,luxury_rv4802.jpg', 6, 14500, '豪華露營車，給您不一樣的奢華體驗', '1張大號雙人床', 3, '附全餐', '2024-09-29 17:00:00', '2024-09-29 17:00:00'),
(427, 'RTC48T01', '家庭型營位｜小木屋', 48, 7, 'family_cabin4801.jpg,family_cabin4802.jpg', 12, 8800, '溫馨的小木屋，適合家庭共度時光', '1張雙人床 + 2張單人床', 5, '附早餐和燒烤晚餐', '2024-09-29 17:00:00', '2024-09-29 17:00:00'),
(428, 'RTC48T02', '標準型營位｜小木屋', 48, 8, 'standard_cabin4801.jpg,standard_cabin4802.jpg', 10, 9300, '經典小木屋，為您提供舒適的住宿', '1張雙人床 + 1張單人床', 4, '附早餐', '2024-09-29 17:00:00', '2024-09-29 17:00:00'),
(429, 'RTC48T03', '豪華型營位｜小木屋', 48, 9, 'luxury_cabin4801.jpg,luxury_cabin4802.jpg', 8, 15800, '奢華的小木屋，讓您的露營體驗更加完美', '1張大號雙人床', 3, '附全餐和專屬服務', '2024-09-29 17:00:00', '2024-09-29 17:00:00'),
(430, 'RTC48B01', '家庭型營位｜帳篷', 48, 10, 'family_tent4801.jpg,family_tent4802.jpg', 10, 8300, '寬敞的家庭帳篷，適合各種活動', '1張雙人床 + 2張單人床', 5, '附早餐', '2024-09-29 17:00:00', '2024-09-29 17:00:00'),
(431, 'RTC48B02', '標準型營位｜帳篷', 48, 11, 'standard_tent4801.jpg,standard_tent4802.jpg', 9, 8700, '標準帳篷，舒適又實惠的選擇', '1張雙人床', 3, '附早餐和燒烤晚餐', '2024-09-29 17:00:00', '2024-09-29 17:00:00'),
(432, 'RTC48B03', '豪華型營位｜帳篷', 48, 12, 'luxury_tent4801.jpg,luxury_tent4802.jpg', 8, 13000, '奢華帳篷，帶來無與倫比的露營享受', '1張大號雙人床', 2, '附全餐和專屬服務', '2024-09-29 17:00:00', '2024-09-29 17:00:00'),
(433, 'RTC49C01', '家庭型營位｜露營車', 49, 4, 'family_rv4901.jpg,family_rv4902.jpg', 10, 9700, '適合全家出遊的舒適露營車', '1張雙人床 + 2張單人床', 6, '附早餐', '2024-09-29 17:00:00', '2024-09-29 17:00:00'),
(434, 'RTC49C02', '標準型營位｜露營車', 49, 5, 'standard_rv4901.jpg,standard_rv4902.jpg', 8, 10100, '標準露營車，讓您享受舒適的戶外體驗', '1張雙人床 + 1張沙發床', 4, '附早餐和晚餐', '2024-09-29 17:00:00', '2024-09-29 17:00:00'),
(435, 'RTC49C03', '豪華型營位｜露營車', 49, 6, 'luxury_rv4901.jpg,luxury_rv4902.jpg', 6, 14800, '豪華露營車，為您帶來獨特的奢華體驗', '1張大號雙人床', 3, '附全餐', '2024-09-29 17:00:00', '2024-09-29 17:00:00'),
(436, 'RTC49T01', '家庭型營位｜小木屋', 49, 7, 'family_cabin4901.jpg,family_cabin4902.jpg', 12, 8900, '溫馨小木屋，適合家庭共度時光', '1張雙人床 + 2張單人床', 5, '附早餐和燒烤晚餐', '2024-09-29 17:00:00', '2024-09-29 17:00:00'),
(437, 'RTC49T02', '標準型營位｜小木屋', 49, 8, 'standard_cabin4901.jpg,standard_cabin4902.jpg', 10, 9400, '舒適的小木屋，提供您最佳的住宿體驗', '1張雙人床 + 1張單人床', 4, '附早餐', '2024-09-29 17:00:00', '2024-09-29 17:00:00'),
(438, 'RTC49T03', '豪華型營位｜小木屋', 49, 9, 'luxury_cabin4901.jpg,luxury_cabin4902.jpg', 8, 16000, '奢華的小木屋，為您提供頂級享受', '1張大號雙人床', 3, '附全餐和專屬服務', '2024-09-29 17:00:00', '2024-09-29 17:00:00'),
(439, 'RTC49B01', '家庭型營位｜帳篷', 49, 10, 'family_tent4901.jpg,family_tent4902.jpg', 10, 8400, '寬敞家庭帳篷，適合各種戶外活動', '1張雙人床 + 2張單人床', 5, '附早餐', '2024-09-29 17:00:00', '2024-09-29 17:00:00'),
(440, 'RTC49B02', '標準型營位｜帳篷', 49, 11, 'standard_tent4901.jpg,standard_tent4902.jpg', 9, 8800, '舒適標準帳篷，為您提供便捷的住宿選擇', '1張雙人床', 3, '附早餐和燒烤晚餐', '2024-09-29 17:00:00', '2024-09-29 17:00:00'),
(441, 'RTC49B03', '豪華型營位｜帳篷', 49, 12, 'luxury_tent4901.jpg,luxury_tent4902.jpg', 8, 13500, '奢華帳篷，讓您享受高端露營體驗', '1張大號雙人床', 2, '附全餐和專屬服務', '2024-09-29 17:00:00', '2024-09-29 17:00:00'),
(442, 'RTC50C01', '家庭型營位｜露營車', 50, 4, 'family_rv5001.jpg,family_rv5002.jpg', 10, 10200, '為家庭旅遊設計的舒適露營車', '1張雙人床 + 2張單人床', 6, '附早餐', '2024-09-29 17:00:00', '2024-09-29 17:00:00'),
(443, 'RTC50C02', '標準型營位｜露營車', 50, 5, 'standard_rv5001.jpg,standard_rv5002.jpg', 8, 10800, '標準露營車，提供實用的居住空間', '1張雙人床 + 1張沙發床', 4, '附早餐和晚餐', '2024-09-29 17:00:00', '2024-09-29 17:00:00'),
(444, 'RTC50C03', '豪華型營位｜露營車', 50, 6, 'luxury_rv5001.jpg,luxury_rv5002.jpg', 6, 15000, '豪華露營車，享受高端的露營體驗', '1張大號雙人床', 3, '附全餐', '2024-09-29 17:00:00', '2024-09-29 17:00:00'),
(445, 'RTC50T01', '家庭型營位｜小木屋', 50, 7, 'family_cabin5001.jpg,family_cabin5002.jpg', 12, 9100, '適合全家的溫馨小木屋', '1張雙人床 + 2張單人床', 5, '附早餐和燒烤晚餐', '2024-09-29 17:00:00', '2024-09-29 17:00:00'),
(446, 'RTC50T02', '標準型營位｜小木屋', 50, 8, 'standard_cabin5001.jpg,standard_cabin5002.jpg', 10, 9600, '舒適小木屋，為您的假期提供完美的住宿', '1張雙人床 + 1張單人床', 4, '附早餐', '2024-09-29 17:00:00', '2024-09-29 17:00:00'),
(447, 'RTC50T03', '豪華型營位｜小木屋', 50, 9, 'luxury_cabin5001.jpg,luxury_cabin5002.jpg', 8, 16500, '奢華小木屋，帶來獨特的住宿體驗', '1張大號雙人床', 3, '附全餐和專屬服務', '2024-09-29 17:00:00', '2024-09-29 17:00:00'),
(448, 'RTC50B01', '家庭型營位｜帳篷', 50, 10, 'family_tent5001.jpg,family_tent5002.jpg', 10, 8500, '適合家庭使用的寬敞帳篷', '1張雙人床 + 2張單人床', 5, '附早餐', '2024-09-29 17:00:00', '2024-09-29 17:00:00'),
(449, 'RTC50B02', '標準型營位｜帳篷', 50, 11, 'standard_tent5001.jpg,standard_tent5002.jpg', 9, 8800, '舒適標準帳篷，完美的戶外選擇', '1張雙人床', 3, '附早餐和燒烤晚餐', '2024-09-29 17:00:00', '2024-09-29 17:00:00'),
(450, 'RTC50B03', '豪華型營位｜帳篷', 50, 12, 'luxury_tent5001.jpg,luxury_tent5002.jpg', 8, 13000, '奢華帳篷，讓您享受戶外的同時擁有高端服務', '1張大號雙人床', 2, '附全餐和專屬服務', '2024-09-29 17:00:00', '2024-09-29 17:00:00');

CREATE TABLE `camp_fac` (
  `id` int NOT NULL AUTO_INCREMENT,
  `camp_id` int(11) NOT NULL,
  `fac_id` int(11) NOT NULL,
  `created_at` DATETIME DEFAULT CURRENT_TIMESTAMP,
  `updated_at` DATETIME DEFAULT CURRENT_TIMESTAMP,
  primary key(id),
  FOREIGN KEY (camp_id) REFERENCES campsites(id) ON DELETE CASCADE
) ENGINE=InnoDB DEFAULT CHARSET=utf8 COLLATE=utf8_general_ci;

INSERT INTO `camp_fac` (`id`, `camp_id`, `fac_id`,`created_at`, `updated_at`) VALUES
(1, 1, 4, '2024-09-02 10:44:23', '2024-09-02 10:44:23'),
(2, 1, 1, '2024-09-02 10:44:23', '2024-09-02 10:44:23'),
(3, 1, 3, '2024-09-02 10:44:23', '2024-09-02 10:44:23'),
(4, 1, 6, '2024-09-02 10:44:23', '2024-09-02 10:44:23'),
(5, 1, 2, '2024-09-02 10:44:23', '2024-09-02 10:44:23'),
(6, 2, 4, '2024-09-02 10:44:23', '2024-09-02 10:44:23'),
(7, 2, 1, '2024-09-02 10:44:23', '2024-09-02 10:44:23'),
(8, 2, 3, '2024-09-02 10:44:23', '2024-09-02 10:44:23'),
(9, 2, 5, '2024-09-02 10:44:23', '2024-09-02 10:44:23'),
(10, 2, 2, '2024-09-02 10:44:23', '2024-09-02 10:44:23'),
(11, 3, 4, '2024-09-02 10:44:23', '2024-09-02 10:44:23'),
(12, 3, 1, '2024-09-02 10:44:23', '2024-09-02 10:44:23'),
(13, 3, 5, '2024-09-02 10:44:23', '2024-09-02 10:44:23'),
(14, 3, 2, '2024-09-02 10:44:23', '2024-09-02 10:44:23'),
(15, 3, 3, '2024-09-02 10:44:23', '2024-09-02 10:44:23'),
(16, 4, 6, '2024-09-02 10:44:23', '2024-09-02 10:44:23'),
(17, 4, 1, '2024-09-02 10:44:23', '2024-09-02 10:44:23'),
(18, 4, 2, '2024-09-02 10:44:23', '2024-09-02 10:44:23'),
(19, 4, 4, '2024-09-02 10:44:23', '2024-09-02 10:44:23'),
(20, 4, 3, '2024-09-02 10:44:23', '2024-09-02 10:44:23'),
(21, 5, 5, '2024-09-02 10:44:23', '2024-09-02 10:44:23'),
(22, 5, 1, '2024-09-02 10:44:23', '2024-09-02 10:44:23'),
(23, 5, 6, '2024-09-02 10:44:23', '2024-09-02 10:44:23'),
(24, 5, 4, '2024-09-02 10:44:23', '2024-09-02 10:44:23'),
(25, 5, 3, '2024-09-02 10:44:23', '2024-09-02 10:44:23'),
(26, 6, 2, '2024-09-02 10:44:23', '2024-09-02 10:44:23'),
(27, 6, 3, '2024-09-02 10:44:23', '2024-09-02 10:44:23'),
(28, 6, 4, '2024-09-02 10:44:23', '2024-09-02 10:44:23'),
(29, 6, 1, '2024-09-02 10:44:23', '2024-09-02 10:44:23'),
(30, 6, 5, '2024-09-02 10:44:23', '2024-09-02 10:44:23'),
(31, 7, 3, '2024-09-02 10:44:23', '2024-09-02 10:44:23'),
(32, 7, 5, '2024-09-02 10:44:23', '2024-09-02 10:44:23'),
(33, 7, 4, '2024-09-02 10:44:23', '2024-09-02 10:44:23'),
(34, 7, 6, '2024-09-02 10:44:23', '2024-09-02 10:44:23'),
(35, 7, 2, '2024-09-02 10:44:23', '2024-09-02 10:44:23'),
(36, 8, 5, '2024-09-02 10:44:23', '2024-09-02 10:44:23'),
(37, 8, 1, '2024-09-02 10:44:23', '2024-09-02 10:44:23'),
(38, 8, 4, '2024-09-02 10:44:23', '2024-09-02 10:44:23'),
(39, 8, 2, '2024-09-02 10:44:23', '2024-09-02 10:44:23'),
(40, 8, 6, '2024-09-02 10:44:23', '2024-09-02 10:44:23'),
(41, 9, 1, '2024-09-02 10:44:23', '2024-09-02 10:44:23'),
(42, 9, 5, '2024-09-02 10:44:23', '2024-09-02 10:44:23'),
(43, 9, 4, '2024-09-02 10:44:23', '2024-09-02 10:44:23'),
(44, 9, 2, '2024-09-02 10:44:23', '2024-09-02 10:44:23'),
(45, 9, 3, '2024-09-02 10:44:23', '2024-09-02 10:44:23'),
(46, 10, 6, '2024-09-02 10:44:23', '2024-09-02 10:44:23'),
(47, 10, 2, '2024-09-02 10:44:23', '2024-09-02 10:44:23'),
(48, 10, 4, '2024-09-02 10:44:23', '2024-09-02 10:44:23'),
(49, 10, 1, '2024-09-02 10:44:23', '2024-09-02 10:44:23'),
(50, 10, 3, '2024-09-02 10:44:23', '2024-09-02 10:44:23'),
(51, 11, 5, '2024-09-02 10:44:23', '2024-09-02 10:44:23'),
(52, 11, 1, '2024-09-02 10:44:23', '2024-09-02 10:44:23'),
(53, 11, 6, '2024-09-02 10:44:23', '2024-09-02 10:44:23'),
(54, 11, 3, '2024-09-02 10:44:23', '2024-09-02 10:44:23'),
(55, 11, 2, '2024-09-02 10:44:23', '2024-09-02 10:44:23'),
(56, 12, 4, '2024-09-02 10:44:23', '2024-09-02 10:44:23'),
(57, 12, 1, '2024-09-02 10:44:23', '2024-09-02 10:44:23'),
(58, 12, 2, '2024-09-02 10:44:23', '2024-09-02 10:44:23'),
(59, 12, 3, '2024-09-02 10:44:23', '2024-09-02 10:44:23'),
(60, 12, 5, '2024-09-02 10:44:23', '2024-09-02 10:44:23'),
(61, 13, 6, '2024-09-02 10:44:23', '2024-09-02 10:44:23'),
(62, 13, 1, '2024-09-02 10:44:23', '2024-09-02 10:44:23'),
(63, 13, 2, '2024-09-02 10:44:23', '2024-09-02 10:44:23'),
(64, 13, 3, '2024-09-02 10:44:23', '2024-09-02 10:44:23'),
(65, 13, 4, '2024-09-02 10:44:23', '2024-09-02 10:44:23'),
(66, 14, 5, '2024-09-02 10:44:23', '2024-09-02 10:44:23'),
(67, 14, 2, '2024-09-02 10:44:23', '2024-09-02 10:44:23'),
(68, 14, 3, '2024-09-02 10:44:23', '2024-09-02 10:44:23'),
(69, 14, 4, '2024-09-02 10:44:23', '2024-09-02 10:44:23'),
(70, 14, 1, '2024-09-02 10:44:23', '2024-09-02 10:44:23'),
(71, 15, 6, '2024-09-02 10:44:23', '2024-09-02 10:44:23'),
(72, 15, 3, '2024-09-02 10:44:23', '2024-09-02 10:44:23'),
(73, 15, 5, '2024-09-02 10:44:23', '2024-09-02 10:44:23'),
(74, 15, 4, '2024-09-02 10:44:23', '2024-09-02 10:44:23'),
(75, 15, 1, '2024-09-02 10:44:23', '2024-09-02 10:44:23'),
(76, 16, 2, '2024-09-02 10:44:23', '2024-09-02 10:44:23'),
(77, 16, 4, '2024-09-02 10:44:23', '2024-09-02 10:44:23'),
(78, 16, 1, '2024-09-02 10:44:23', '2024-09-02 10:44:23'),
(79, 16, 3, '2024-09-02 10:44:23', '2024-09-02 10:44:23'),
(80, 16, 6, '2024-09-02 10:44:23', '2024-09-02 10:44:23'),
(81, 17, 5, '2024-09-02 10:44:23', '2024-09-02 10:44:23'),
(82, 17, 4, '2024-09-02 10:44:23', '2024-09-02 10:44:23'),
(83, 17, 1, '2024-09-02 10:44:23', '2024-09-02 10:44:23'),
(84, 17, 3, '2024-09-02 10:44:23', '2024-09-02 10:44:23'),
(85, 17, 2, '2024-09-02 10:44:23', '2024-09-02 10:44:23'),
(86, 18, 6, '2024-09-02 10:44:23', '2024-09-02 10:44:23'),
(87, 18, 4, '2024-09-02 10:44:23', '2024-09-02 10:44:23'),
(88, 18, 2, '2024-09-02 10:44:23', '2024-09-02 10:44:23'),
(89, 18, 5, '2024-09-02 10:44:23', '2024-09-02 10:44:23'),
(90, 18, 1, '2024-09-02 10:44:23', '2024-09-02 10:44:23'),
(91, 19, 3, '2024-09-02 10:44:23', '2024-09-02 10:44:23'),
(92, 19, 2, '2024-09-02 10:44:23', '2024-09-02 10:44:23'),
(93, 19, 1, '2024-09-02 10:44:23', '2024-09-02 10:44:23'),
(94, 19, 5, '2024-09-02 10:44:23', '2024-09-02 10:44:23'),
(95, 19, 4, '2024-09-02 10:44:23', '2024-09-02 10:44:23'),
(96, 20, 1, '2024-09-02 10:44:23', '2024-09-02 10:44:23'),
(97, 20, 5, '2024-09-02 10:44:23', '2024-09-02 10:44:23'),
(98, 20, 3, '2024-09-02 10:44:23', '2024-09-02 10:44:23'),
(99, 20, 6, '2024-09-02 10:44:23', '2024-09-02 10:44:23'),
(100, 20, 4, '2024-09-02 10:44:23', '2024-09-02 10:44:23'),
(101, 21, 2, '2024-09-02 10:44:23', '2024-09-02 10:44:23'),
(102, 21, 1, '2024-09-02 10:44:23', '2024-09-02 10:44:23'),
(103, 21, 5, '2024-09-02 10:44:23', '2024-09-02 10:44:23'),
(104, 21, 3, '2024-09-02 10:44:23', '2024-09-02 10:44:23'),
(105, 21, 4, '2024-09-02 10:44:23', '2024-09-02 10:44:23'),
(106, 22, 1, '2024-09-02 10:44:23', '2024-09-02 10:44:23'),
(107, 22, 5, '2024-09-02 10:44:23', '2024-09-02 10:44:23'),
(108, 22, 3, '2024-09-02 10:44:23', '2024-09-02 10:44:23'),
(109, 22, 2, '2024-09-02 10:44:23', '2024-09-02 10:44:23'),
(110, 22, 4, '2024-09-02 10:44:23', '2024-09-02 10:44:23'),
(111, 23, 3, '2024-09-02 10:44:23', '2024-09-02 10:44:23'),
(112, 23, 5, '2024-09-02 10:44:23', '2024-09-02 10:44:23'),
(113, 23, 2, '2024-09-02 10:44:23', '2024-09-02 10:44:23'),
(114, 23, 6, '2024-09-02 10:44:23', '2024-09-02 10:44:23'),
(115, 23, 4, '2024-09-02 10:44:23', '2024-09-02 10:44:23'),
(116, 24, 1, '2024-09-02 10:44:23', '2024-09-02 10:44:23'),
(117, 24, 2, '2024-09-02 10:44:23', '2024-09-02 10:44:23'),
(118, 24, 3, '2024-09-02 10:44:23', '2024-09-02 10:44:23'),
(119, 24, 5, '2024-09-02 10:44:23', '2024-09-02 10:44:23'),
(120, 24, 4, '2024-09-02 10:44:23', '2024-09-02 10:44:23'),
(121, 25, 6, '2024-09-02 10:44:23', '2024-09-02 10:44:23'),
(122, 25, 5, '2024-09-02 10:44:23', '2024-09-02 10:44:23'),
(123, 25, 4, '2024-09-02 10:44:23', '2024-09-02 10:44:23'),
(124, 25, 3, '2024-09-02 10:44:23', '2024-09-02 10:44:23'),
(125, 25, 2, '2024-09-02 10:44:23', '2024-09-02 10:44:23'),
(126, 26, 3, '2024-09-02 10:44:23', '2024-09-02 10:44:23'),
(127, 26, 6, '2024-09-02 10:44:23', '2024-09-02 10:44:23'),
(128, 26, 1, '2024-09-02 10:44:23', '2024-09-02 10:44:23'),
(129, 26, 4, '2024-09-02 10:44:23', '2024-09-02 10:44:23'),
(130, 26, 2, '2024-09-02 10:44:23', '2024-09-02 10:44:23'),
(131, 27, 5, '2024-09-02 10:44:23', '2024-09-02 10:44:23'),
(132, 27, 2, '2024-09-02 10:44:23', '2024-09-02 10:44:23'),
(133, 27, 3, '2024-09-02 10:44:23', '2024-09-02 10:44:23'),
(134, 27, 4, '2024-09-02 10:44:23', '2024-09-02 10:44:23'),
(135, 27, 1, '2024-09-02 10:44:23', '2024-09-02 10:44:23'),
(136, 28, 3, '2024-09-02 10:44:23', '2024-09-02 10:44:23'),
(137, 28, 1, '2024-09-02 10:44:23', '2024-09-02 10:44:23'),
(138, 28, 4, '2024-09-02 10:44:23', '2024-09-02 10:44:23'),
(139, 28, 5, '2024-09-02 10:44:23', '2024-09-02 10:44:23'),
(140, 28, 2, '2024-09-02 10:44:23', '2024-09-02 10:44:23'),
(141, 29, 6, '2024-09-02 10:44:23', '2024-09-02 10:44:23'),
(142, 29, 4, '2024-09-02 10:44:23', '2024-09-02 10:44:23'),
(143, 29, 2, '2024-09-02 10:44:23', '2024-09-02 10:44:23'),
(144, 29, 5, '2024-09-02 10:44:23', '2024-09-02 10:44:23'),
(145, 29, 1, '2024-09-02 10:44:23', '2024-09-02 10:44:23'),
(146, 30, 3, '2024-09-02 10:44:23', '2024-09-02 10:44:23'),
(147, 30, 5, '2024-09-02 10:44:23', '2024-09-02 10:44:23'),
(148, 30, 4, '2024-09-02 10:44:23', '2024-09-02 10:44:23'),
(149, 30, 2, '2024-09-02 10:44:23', '2024-09-02 10:44:23'),
(150, 30, 1, '2024-09-02 10:44:23', '2024-09-02 10:44:23'),
(151, 31, 6, '2024-09-02 10:44:23', '2024-09-02 10:44:23'),
(152, 31, 1, '2024-09-02 10:44:23', '2024-09-02 10:44:23'),
(153, 31, 3, '2024-09-02 10:44:23', '2024-09-02 10:44:23'),
(154, 31, 5, '2024-09-02 10:44:23', '2024-09-02 10:44:23'),
(155, 31, 2, '2024-09-02 10:44:23', '2024-09-02 10:44:23'),
(156, 32, 5, '2024-09-02 10:44:23', '2024-09-02 10:44:23'),
(157, 32, 2, '2024-09-02 10:44:23', '2024-09-02 10:44:23'),
(158, 32, 1, '2024-09-02 10:44:23', '2024-09-02 10:44:23'),
(159, 32, 4, '2024-09-02 10:44:23', '2024-09-02 10:44:23'),
(160, 32, 3, '2024-09-02 10:44:23', '2024-09-02 10:44:23'),
(161, 33, 2, '2024-09-02 10:44:23', '2024-09-02 10:44:23'),
(162, 33, 3, '2024-09-02 10:44:23', '2024-09-02 10:44:23'),
(163, 33, 4, '2024-09-02 10:44:23', '2024-09-02 10:44:23'),
(164, 33, 1, '2024-09-02 10:44:23', '2024-09-02 10:44:23'),
(165, 33, 5, '2024-09-02 10:44:23', '2024-09-02 10:44:23'),
(166, 34, 1, '2024-09-02 10:44:23', '2024-09-02 10:44:23'),
(167, 34, 3, '2024-09-02 10:44:23', '2024-09-02 10:44:23'),
(168, 34, 5, '2024-09-02 10:44:23', '2024-09-02 10:44:23'),
(169, 34, 4, '2024-09-02 10:44:23', '2024-09-02 10:44:23'),
(170, 34, 2, '2024-09-02 10:44:23', '2024-09-02 10:44:23'),
(171, 35, 1, '2024-09-02 10:44:23', '2024-09-02 10:44:23'),
(172, 35, 4, '2024-09-02 10:44:23', '2024-09-02 10:44:23'),
(173, 35, 3, '2024-09-02 10:44:23', '2024-09-02 10:44:23'),
(174, 35, 2, '2024-09-02 10:44:23', '2024-09-02 10:44:23'),
(175, 35, 5, '2024-09-02 10:44:23', '2024-09-02 10:44:23'),
(176, 36, 1, '2024-09-02 10:44:23', '2024-09-02 10:44:23'),
(177, 36, 5, '2024-09-02 10:44:23', '2024-09-02 10:44:23'),
(178, 36, 4, '2024-09-02 10:44:23', '2024-09-02 10:44:23'),
(179, 36, 2, '2024-09-02 10:44:23', '2024-09-02 10:44:23'),
(180, 36, 3, '2024-09-02 10:44:23', '2024-09-02 10:44:23'),
(181, 37, 3, '2024-09-02 10:44:23', '2024-09-02 10:44:23'),
(182, 37, 2, '2024-09-02 10:44:23', '2024-09-02 10:44:23'),
(183, 37, 4, '2024-09-02 10:44:23', '2024-09-02 10:44:23'),
(184, 37, 1, '2024-09-02 10:44:23', '2024-09-02 10:44:23'),
(185, 37, 5, '2024-09-02 10:44:23', '2024-09-02 10:44:23'),
(186, 38, 6, '2024-09-02 10:44:23', '2024-09-02 10:44:23'),
(187, 38, 4, '2024-09-02 10:44:23', '2024-09-02 10:44:23'),
(188, 38, 1, '2024-09-02 10:44:23', '2024-09-02 10:44:23'),
(189, 38, 3, '2024-09-02 10:44:23', '2024-09-02 10:44:23'),
(190, 38, 2, '2024-09-02 10:44:23', '2024-09-02 10:44:23'),
(191, 39, 1, '2024-09-02 10:44:23', '2024-09-02 10:44:23'),
(192, 39, 4, '2024-09-02 10:44:23', '2024-09-02 10:44:23'),
(193, 39, 5, '2024-09-02 10:44:23', '2024-09-02 10:44:23'),
(194, 39, 3, '2024-09-02 10:44:23', '2024-09-02 10:44:23'),
(195, 39, 2, '2024-09-02 10:44:23', '2024-09-02 10:44:23'),
(196, 40, 4, '2024-09-02 10:44:23', '2024-09-02 10:44:23'),
(197, 40, 1, '2024-09-02 10:44:23', '2024-09-02 10:44:23'),
(198, 40, 2, '2024-09-02 10:44:23', '2024-09-02 10:44:23'),
(199, 40, 5, '2024-09-02 10:44:23', '2024-09-02 10:44:23'),
(200, 40, 3, '2024-09-02 10:44:23', '2024-09-02 10:44:23'),
(201, 41, 1, '2024-09-02 10:44:23', '2024-09-02 10:44:23'),
(202, 41, 3, '2024-09-02 10:44:23', '2024-09-02 10:44:23'),
(203, 41, 2, '2024-09-02 10:44:23', '2024-09-02 10:44:23'),
(204, 41, 5, '2024-09-02 10:44:23', '2024-09-02 10:44:23'),
(205, 41, 4, '2024-09-02 10:44:23', '2024-09-02 10:44:23'),
(206, 42, 2, '2024-09-02 10:44:23', '2024-09-02 10:44:23'),
(207, 42, 4, '2024-09-02 10:44:23', '2024-09-02 10:44:23'),
(208, 42, 3, '2024-09-02 10:44:23', '2024-09-02 10:44:23'),
(209, 42, 1, '2024-09-02 10:44:23', '2024-09-02 10:44:23'),
(210, 42, 5, '2024-09-02 10:44:23', '2024-09-02 10:44:23'),
(211, 43, 3, '2024-09-02 10:44:23', '2024-09-02 10:44:23'),
(212, 43, 5, '2024-09-02 10:44:23', '2024-09-02 10:44:23'),
(213, 43, 4, '2024-09-02 10:44:23', '2024-09-02 10:44:23'),
(214, 43, 2, '2024-09-02 10:44:23', '2024-09-02 10:44:23'),
(215, 43, 1, '2024-09-02 10:44:23', '2024-09-02 10:44:23'),
(216, 44, 2, '2024-09-02 10:44:23', '2024-09-02 10:44:23'),
(217, 44, 1, '2024-09-02 10:44:23', '2024-09-02 10:44:23'),
(218, 44, 3, '2024-09-02 10:44:23', '2024-09-02 10:44:23'),
(219, 44, 4, '2024-09-02 10:44:23', '2024-09-02 10:44:23'),
(220, 44, 5, '2024-09-02 10:44:23', '2024-09-02 10:44:23'),
(221, 45, 5, '2024-09-02 10:44:23', '2024-09-02 10:44:23'),
(222, 45, 2, '2024-09-02 10:44:23', '2024-09-02 10:44:23'),
(223, 45, 3, '2024-09-02 10:44:23', '2024-09-02 10:44:23'),
(224, 45, 4, '2024-09-02 10:44:23', '2024-09-02 10:44:23'),
(225, 45, 1, '2024-09-02 10:44:23', '2024-09-02 10:44:23'),
(226, 46, 4, '2024-09-02 10:44:23', '2024-09-02 10:44:23'),
(227, 46, 5, '2024-09-02 10:44:23', '2024-09-02 10:44:23'),
(228, 46, 1, '2024-09-02 10:44:23', '2024-09-02 10:44:23'),
(229, 46, 3, '2024-09-02 10:44:23', '2024-09-02 10:44:23'),
(230, 46, 2, '2024-09-02 10:44:23', '2024-09-02 10:44:23'),
(231, 47, 2, '2024-09-02 10:44:23', '2024-09-02 10:44:23'),
(232, 47, 3, '2024-09-02 10:44:23', '2024-09-02 10:44:23'),
(233, 47, 5, '2024-09-02 10:44:23', '2024-09-02 10:44:23'),
(234, 47, 4, '2024-09-02 10:44:23', '2024-09-02 10:44:23'),
(235, 47, 1, '2024-09-02 10:44:23', '2024-09-02 10:44:23'),
(236, 48, 4, '2024-09-02 10:44:23', '2024-09-02 10:44:23'),
(237, 48, 1, '2024-09-02 10:44:23', '2024-09-02 10:44:23'),
(238, 48, 2, '2024-09-02 10:44:23', '2024-09-02 10:44:23'),
(239, 48, 5, '2024-09-02 10:44:23', '2024-09-02 10:44:23'),
(240, 48, 3, '2024-09-02 10:44:23', '2024-09-02 10:44:23'),
(241, 49, 3, '2024-09-02 10:44:23', '2024-09-02 10:44:23'),
(242, 49, 4, '2024-09-02 10:44:23', '2024-09-02 10:44:23'),
(243, 49, 1, '2024-09-02 10:44:23', '2024-09-02 10:44:23'),
(244, 49, 5, '2024-09-02 10:44:23', '2024-09-02 10:44:23'),
(245, 49, 2, '2024-09-02 10:44:23', '2024-09-02 10:44:23'),
(246, 50, 2, '2024-09-02 10:44:23', '2024-09-02 10:44:23'),
(247, 50, 3, '2024-09-02 10:44:23', '2024-09-02 10:44:23'),
(248, 50, 1, '2024-09-02 10:44:23', '2024-09-02 10:44:23'),
(249, 50, 5, '2024-09-02 10:44:23', '2024-09-02 10:44:23'),
(250, 50, 4, '2024-09-02 10:44:23', '2024-09-02 10:44:23');


CREATE TABLE `camp_feat` (
  `id` int(11) NOT NULL,
  `camp_id`  int(11) NOT NULL,
  `feat_id` int(11) NOT NULL,
  `created_at` DATETIME DEFAULT CURRENT_TIMESTAMP,
  `updated_at` DATETIME DEFAULT CURRENT_TIMESTAMP,
  primary key(id),
  FOREIGN KEY (camp_id) REFERENCES campsites(id) ON DELETE CASCADE
) ENGINE=InnoDB DEFAULT CHARSET=utf8 COLLATE=utf8_general_ci;

INSERT INTO `camp_feat` (`id`, `camp_id`, `feat_id`, `created_at`, `updated_at`) VALUES
(1, 1, 4, '2024-09-02 10:44:23', '2024-09-02 10:44:23'),
(2, 1, 3, '2024-09-02 10:44:23', '2024-09-02 10:44:23'),
(3, 1, 6, '2024-09-02 10:44:23', '2024-09-02 10:44:23'),
(4, 1, 2, '2024-09-02 10:44:23', '2024-09-02 10:44:23'),
(5, 2, 4, '2024-09-02 10:44:23', '2024-09-02 10:44:23'),
(6, 2, 1, '2024-09-02 10:44:23', '2024-09-02 10:44:23'),
(7, 2, 3, '2024-09-02 10:44:23', '2024-09-02 10:44:23'),
(8, 2, 5, '2024-09-02 10:44:23', '2024-09-02 10:44:23'),
(9, 2, 2, '2024-09-02 10:44:23', '2024-09-02 10:44:23'),
(10, 3, 1, '2024-09-02 10:44:23', '2024-09-02 10:44:23'),
(11, 3, 4, '2024-09-02 10:44:23', '2024-09-02 10:44:23'),
(12, 3, 2, '2024-09-02 10:44:23', '2024-09-02 10:44:23'),
(13, 4, 5, '2024-09-02 10:44:23', '2024-09-02 10:44:23'),
(14, 4, 3, '2024-09-02 10:44:23', '2024-09-02 10:44:23'),
(15, 4, 6, '2024-09-02 10:44:23', '2024-09-02 10:44:23'),
(16, 5, 1, '2024-09-02 10:44:23', '2024-09-02 10:44:23'),
(17, 5, 2, '2024-09-02 10:44:23', '2024-09-02 10:44:23'),
(18, 5, 4, '2024-09-02 10:44:23', '2024-09-02 10:44:23'),
(19, 5, 1, '2024-09-02 10:44:23', '2024-09-02 10:44:23'),
(20, 6, 2, '2024-09-02 10:44:23', '2024-09-02 10:44:23'),
(21, 6, 3, '2024-09-02 10:44:23', '2024-09-02 10:44:23'),
(22, 7, 4, '2024-09-02 10:44:23', '2024-09-02 10:44:23'),
(23, 7, 5, '2024-09-02 10:44:23', '2024-09-02 10:44:23'),
(24, 8, 6, '2024-09-02 10:44:23', '2024-09-02 10:44:23'),
(25, 8, 1, '2024-09-02 10:44:23', '2024-09-02 10:44:23'),
(26, 9, 2, '2024-09-02 10:44:23', '2024-09-02 10:44:23'),
(27, 9, 4, '2024-09-02 10:44:23', '2024-09-02 10:44:23'),
(28, 10, 3, '2024-09-02 10:44:23', '2024-09-02 10:44:23'),
(29, 10, 5, '2024-09-02 10:44:23', '2024-09-02 10:44:23'),
(30, 11, 6, '2024-09-02 10:44:23', '2024-09-02 10:44:23'),
(31, 11, 1, '2024-09-02 10:44:23', '2024-09-02 10:44:23'),
(32, 12, 4, '2024-09-02 10:44:23', '2024-09-02 10:44:23'),
(33, 12, 2, '2024-09-02 10:44:23', '2024-09-02 10:44:23'),
(34, 13, 3, '2024-09-02 10:44:23', '2024-09-02 10:44:23'),
(35, 14, 5, '2024-09-02 10:44:23', '2024-09-02 10:44:23'),
(36, 14, 6, '2024-09-02 10:44:23', '2024-09-02 10:44:23'),
(37, 15, 1, '2024-09-02 10:44:23', '2024-09-02 10:44:23'),
(38, 15, 3, '2024-09-02 10:44:23', '2024-09-02 10:44:23'),
(39, 16, 2, '2024-09-02 10:44:23', '2024-09-02 10:44:23'),
(40, 16, 4, '2024-09-02 10:44:23', '2024-09-02 10:44:23'),
(41, 17, 6, '2024-09-02 10:44:23', '2024-09-02 10:44:23'),
(42, 17, 1, '2024-09-02 10:44:23', '2024-09-02 10:44:23'),
(43, 18, 3, '2024-09-02 10:44:23', '2024-09-02 10:44:23'),
(44, 18, 5, '2024-09-02 10:44:23', '2024-09-02 10:44:23'),
(45, 19, 2, '2024-09-02 10:44:23', '2024-09-02 10:44:23'),
(46, 19, 4, '2024-09-02 10:44:23', '2024-09-02 10:44:23'),
(47, 20, 1, '2024-09-02 10:44:23', '2024-09-02 10:44:23'),
(48, 20, 6, '2024-09-02 10:44:23', '2024-09-02 10:44:23'),
(49, 21, 3, '2024-09-02 10:44:23', '2024-09-02 10:44:23'),
(50, 21, 5, '2024-09-02 10:44:23', '2024-09-02 10:44:23'),
(51, 22, 2, '2024-09-02 10:44:23', '2024-09-02 10:44:23'),
(52, 22, 4, '2024-09-02 10:44:23', '2024-09-02 10:44:23'),
(53, 23, 1, '2024-09-02 10:44:23', '2024-09-02 10:44:23'),
(54, 23, 6, '2024-09-02 10:44:23', '2024-09-02 10:44:23'),
(55, 24, 3, '2024-09-02 10:44:23', '2024-09-02 10:44:23'),
(56, 24, 5, '2024-09-02 10:44:23', '2024-09-02 10:44:23'),
(57, 25, 2, '2024-09-02 10:44:23', '2024-09-02 10:44:23'),
(58, 25, 4, '2024-09-02 10:44:23', '2024-09-02 10:44:23'),
(59, 26, 1, '2024-09-02 10:44:23', '2024-09-02 10:44:23'),
(60, 26, 6, '2024-09-02 10:44:23', '2024-09-02 10:44:23'),
(61, 27, 4, '2024-09-02 10:44:23', '2024-09-02 10:44:23'),
(62, 27, 2, '2024-09-02 10:44:23', '2024-09-02 10:44:23'),
(63, 28, 1, '2024-09-02 10:44:23', '2024-09-02 10:44:23'),
(64, 28, 3, '2024-09-02 10:44:23', '2024-09-02 10:44:23'),
(65, 29, 5, '2024-09-02 10:44:23', '2024-09-02 10:44:23'),
(66, 29, 6, '2024-09-02 10:44:23', '2024-09-02 10:44:23'),
(67, 30, 4, '2024-09-02 10:44:23', '2024-09-02 10:44:23'),
(68, 30, 2, '2024-09-02 10:44:23', '2024-09-02 10:44:23'),
(69, 31, 1, '2024-09-02 10:44:23', '2024-09-02 10:44:23'),
(70, 31, 5, '2024-09-02 10:44:23', '2024-09-02 10:44:23'),
(71, 32, 3, '2024-09-02 10:44:23', '2024-09-02 10:44:23'),
(72, 32, 6, '2024-09-02 10:44:23', '2024-09-02 10:44:23'),
(73, 33, 4, '2024-09-02 10:44:23', '2024-09-02 10:44:23'),
(74, 34, 2, '2024-09-02 10:44:23', '2024-09-02 10:44:23'),
(75, 34, 5, '2024-09-02 10:44:23', '2024-09-02 10:44:23'),
(76, 35, 1, '2024-09-02 10:44:23', '2024-09-02 10:44:23'),
(77, 35, 3, '2024-09-02 10:44:23', '2024-09-02 10:44:23'),
(78, 36, 4, '2024-09-02 10:44:23', '2024-09-02 10:44:23'),
(79, 36, 6, '2024-09-02 10:44:23', '2024-09-02 10:44:23'),
(80, 37, 1, '2024-09-02 10:44:23', '2024-09-02 10:44:23'),
(81, 37, 2, '2024-09-02 10:44:23', '2024-09-02 10:44:23'),
(82, 38, 5, '2024-09-02 10:44:23', '2024-09-02 10:44:23'),
(83, 38, 6, '2024-09-02 10:44:23', '2024-09-02 10:44:23'),
(84, 39, 3, '2024-09-02 10:44:23', '2024-09-02 10:44:23'),
(85, 40, 4, '2024-09-02 10:44:23', '2024-09-02 10:44:23'),
(86, 40, 1, '2024-09-02 10:44:23', '2024-09-02 10:44:23'),
(87, 41, 2, '2024-09-02 10:44:23', '2024-09-02 10:44:23'),
(88, 41, 5, '2024-09-02 10:44:23', '2024-09-02 10:44:23'),
(89, 42, 6, '2024-09-02 10:44:23', '2024-09-02 10:44:23'),
(90, 42, 3, '2024-09-02 10:44:23', '2024-09-02 10:44:23'),
(91, 43, 1, '2024-09-02 10:44:23', '2024-09-02 10:44:23'),
(92, 43, 4, '2024-09-02 10:44:23', '2024-09-02 10:44:23'),
(93, 44, 5, '2024-09-02 10:44:23', '2024-09-02 10:44:23'),
(94, 44, 6, '2024-09-02 10:44:23', '2024-09-02 10:44:23'),
(95, 45, 2, '2024-09-02 10:44:23', '2024-09-02 10:44:23'),
(96, 45, 1, '2024-09-02 10:44:23', '2024-09-02 10:44:23'),
(97, 46, 3, '2024-09-02 10:44:23', '2024-09-02 10:44:23'),
(98, 46, 4, '2024-09-02 10:44:23', '2024-09-02 10:44:23'),
(99, 47, 5, '2024-09-02 10:44:23', '2024-09-02 10:44:23'),
(100, 47, 2, '2024-09-02 10:44:23', '2024-09-02 10:44:23'),
(101, 48, 1, '2024-09-02 10:44:23', '2024-09-02 10:44:23'),
(102, 48, 6, '2024-09-02 10:44:23', '2024-09-02 10:44:23'),
(103, 49, 3, '2024-09-02 10:44:23', '2024-09-02 10:44:23'),
(104, 49, 4, '2024-09-02 10:44:23', '2024-09-02 10:44:23'),
(105, 50, 5, '2024-09-02 10:44:23', '2024-09-02 10:44:23'),
(106, 50, 1, '2024-09-02 10:44:23', '2024-09-02 10:44:23');

-- ----------------------------
-- 營位手風琴
-- ----------------------------
-- 主表 categories：存儲每個主要類別的ID和標題
CREATE TABLE categories (
    id INT AUTO_INCREMENT PRIMARY KEY,
    title VARCHAR(255) NOT NULL
)ENGINE=InnoDB DEFAULT CHARSET=utf8mb4;

INSERT INTO categories (title) VALUES
('服務與設施'),
('入住資訊'),
('退訂政策');

-- 子表 content_sections：存儲每個主要類別中的細分標題及其內容
CREATE TABLE content_sections (
    id INT AUTO_INCREMENT PRIMARY KEY,
    category_id INT,  -- 關聯到 categories 表
    number INT,
    title VARCHAR(255),
    FOREIGN KEY (category_id) REFERENCES categories(id)
)ENGINE=InnoDB DEFAULT CHARSET=utf8mb4;
-- 服務與設施內容
INSERT INTO content_sections (category_id, number, title) VALUES
(1, 1, '露營區域'),
(1, 2, '衛浴設施'),
(1, 3, '公共設施'),
(1, 4, '飲食選擇'),
(1, 5, '活動安排'),
(1, 6, '安全設施'),
(1, 7, '其他服務');

-- 入住資訊內容
INSERT INTO content_sections (category_id, number, title) VALUES
(2, 1, '入住時間'),
(2, 2, '退房時間'),
(2, 3, '入住流程'),
(2, 4, '設備租賃'),
(2, 5, '寵物政策'),
(2, 6, '特別需求');

-- 退訂政策內容
INSERT INTO content_sections (category_id, number, title) VALUES
(3, 1, '一般退訂政策'),
(3, 2, '特殊情況'),
(3, 3, '更改日期'),
(3, 4, '退款流程');

-- 次子表 sub_contents：存儲每個細分標題的具體描述
CREATE TABLE sub_contents (
    id INT AUTO_INCREMENT PRIMARY KEY,
    section_id INT,  -- 關聯到 content_sections 表
    description TEXT,
    FOREIGN KEY (section_id) REFERENCES content_sections(id)
)ENGINE=InnoDB DEFAULT CHARSET=utf8mb4;
-- 插入 服務與設施 的描述
INSERT INTO sub_contents (section_id, description) VALUES
(1, '提供多種類型的露營場地，如草地營位、木製平台營位、車宿營位等，適合不同需求的露營者。'),
(1, '部分營地設有電力供應和水源點，方便露營者使用電器和獲取飲用水。'),
(2, '現代化的衛浴設施，包括淋浴間和廁所，通常提供熱水和基本的衛浴用品，保持清潔舒適。'),
(3, '露營區內設有公共烤肉區、野餐桌椅、遊樂設施（如盪鞦韆、滑梯）等，為家庭或團體活動提供便利。'),
(3, '供應室內外遊戲空間或休息區，如棋類遊戲區、閱讀角落或是簡單的運動場地。'),
(4, '營區設有小型餐廳或便利商店，供應簡餐、飲品或是露營必需品。'),
(4, '提供當地食材的餐飲服務，如生鮮蔬果、肉類，讓露營者能夠自行烹飪。'),
(5, '舉辦各種戶外活動，如導覽健行、星空觀賞、手作工藝等，增添露營樂趣。'),
(5, '提供租賃服務，如自行車、皮划艇、露營設備等，方便遊客體驗更多戶外活動。'),
(6, '配備緊急醫療箱、防火設施等，並設有管理員值班，確保露營者的安全。'),
(7, 'Wi-Fi 覆蓋（部分區域）、充電站，以及部分營地可能提供寵物友好設施，方便帶寵物的家庭。');

-- 插入 入住資訊 的描述
INSERT INTO sub_contents (section_id, description) VALUES
(8, '標準入住時間為下午2:00以後。'),
(8, '若需要提前入住，請提前聯絡營地管理處確認是否有空位。'),
(9, '標準退房時間為上午11:00之前。'),
(9, '延遲退房可能需額外收費，請提前與營地管理處協商。'),
(10, '抵達營地後，請前往管理處辦理入住手續，並領取營地相關資料。'),
(10, '營地工作人員將指引您至指定的營位，並介紹設施的使用方法。'),
(11, '營地提供帳篷、睡袋、烤肉設備等租賃服務，需提前預訂。'),
(11, '所有租賃設備需在退房時歸還並檢查。'),
(12, '營地歡迎寵物同行，但需保持牽繩，並請攜帶寵物清潔用品，保持營地環境整潔。'),
(13, '若有特別需求（如殘障人士設施、特定飲食需求等），請在預訂時告知營地，以便提供適當的服務。');

-- 插入 退訂政策 的描述
INSERT INTO sub_contents (section_id, description) VALUES
(14, '於入住日期前14天取消，將全額退還訂金。'),
(14, '於入住日期前7至13天取消，將扣除總金額的30%作為手續費，其餘部分退還。'),
(14, '於入住日期前3至6天取消，將扣除總金額的50%作為手續費，其餘部分退還。'),
(14, '於入住日期前2天內取消，或無故未入住，將不予退還任何費用。'),
(15, '若因天災（如颱風、地震等）或其他不可抗力因素導致無法入住，營地將提供全額退款或延期一次，客人可選擇適合的日期再次入住。'),
(16, '若需更改入住日期，請至少於原訂入住日期前7天提出，經營地確認後可更改一次，不收取手續費。'),
(17, '取消訂單後，退款將在7個工作日內退還至原付款方式。若有任何疑問，請聯絡營地客服。');

-- ----------------------------
-- 會員資料 user_data
-- ----------------------------
DROP TABLE IF EXISTS `user_data`;
CREATE TABLE `user_data` (
  `user_id` INT NOT NULL PRIMARY KEY AUTO_INCREMENT,
  `user_name` VARCHAR (200) NOT NULL,
  `password` VARCHAR (200) DEFAULT NULL,
  `email` VARCHAR (200) NOT NULL UNIQUE,
  `user_address` VARCHAR (200) DEFAULT NULL,
  `phone` VARCHAR (200) DEFAULT NULL,
  `birthday` VARCHAR (200) DEFAULT NULL,
  `gender` VARCHAR (200)DEFAULT NULL,
  `avatar` VARCHAR (200) DEFAULT NULL,
  unique key(`user_name`)
) ENGINE=InnoDB DEFAULT CHARSET=utf8mb4;

--
-- 傾印資料表的資料 `user_data`
--

INSERT INTO `user_data` (`user_id`, `user_name`, `password`, `email`, `user_address`, `phone`, `birthday`, `gender`, `avatar`) VALUES
(1, '袁冠謹', 'h5n23A63', 'sinatra9546@gmail.com', '彰化縣溪湖鎮二溪路2段51號之10', '0917070276', '1964-08-01', 'male', '/img/A0001.jpg'),
(2, '林得辛', 'th6mr772', 'teresa4655@hotmail.com', '臺中市太平區東村三街13號', '0939417503', '2016-01-06', 'female', '/img/A0002.jpg'),
(3, '黃亮悟', 'bC4GzH72', 'arnold6355@gmail.com', '臺中市大甲區經國路62號之18', '0924185028', '2013-03-30', 'female', '/img/A0003.jpg'),
(4, '傅昌道', '2kc2z6Qc', 'marissa4394@yahoo.com', '苗栗縣造橋鄉新庄仔80號10樓', '0937421669', '1965-02-16', 'female', '/img/A0004.jpg'),
(5, '劉年騏', 'ugSNRQCW', 'nancy3562@gmail.com', '屏東縣東港鎮新勝街86號之5', '0986160269', '2008-01-29', 'male', '/img/A0005.jpg'),
(6, '劉宥翊', 'FnmV665W', 'cullen7304@yahoo.com', '南投縣竹山鎮中央巷28號7樓之10', '0933996573', '1983-05-22', 'female', '/img/A0006.jpg'),
(7, '郭恆晤', 'uK287p3p', 'eugene8573@hotmail.com', '桃園市楊梅區草湳坡下70號', '0960984805', '1988-12-08', 'male', '/img/A0007.jpg'),
(8, '陳洋澤', 'm788L2VK', 'gutierrez933@gmail.com', '屏東縣長治鄉文學街3號之3', '0954439815', '2020-09-08', 'male', '/img/A0008.jpg'),
(9, '林瀾芬', 'UprL86my', 'crouch3821@yahoo.com', '宜蘭縣五結鄉和平路和平巷1號', '0952681447', '1969-01-29', 'female', '/img/A0009.jpg'),
(10, '劉庭莉', '4T7mf9c8', 'turner8074@outlook.com', '花蓮縣吉安鄉東海一街99號', '0913007060', '1985-07-10', 'male', '/img/A0010.jpg'),
(11, '葉瑜蓁', '6S9d94Sn', 'courtney6410@hotmail.com', '屏東縣車城鄉統埔路80號11樓', '0954530759', '1971-05-30', 'female', '/img/A0011.jpg'),
(12, '連瓊穎', '2c8T3t4u', 'isabel1858@gmail.com', '臺南市仁德區仁中五街74號2樓之18', '0930440032', '1990-08-06', 'female', '/img/A0012.jpg'),
(13, '袁波雪', 'cPx96fK8', 'farmiga3084@gmail.com', '嘉義市西區國聖二街4號10樓', '0933158561', '1965-06-02', 'female', '/img/A0013.jpg'),
(14, '歐卓秀', 'B6yH89yW', 'lawson5599@yahoo.com', '高雄市三民區博仁街14號10樓', '0923842008', '2008-09-12', 'male', '/img/A0014.jpg'),
(15, '傅力穎', 'SdMs5XT5', 'mia1299@gmail.com', '臺中市大里區校前路99號2樓', '0931406977', '1985-04-07', 'female', '/img/A0015.jpg'),
(16, '鐘丞吉', 'RdPWb24s', 'thompson6712@icloud.com', '嘉義市東區噴水商場76號', '0932386592', '1993-04-21', 'female', '/img/A0016.jpg'),
(17, '黃堇棋', '2Fzpzs7U', 'harmon1481@gmail.com', '宜蘭縣員山鄉溪洲路5號', '0932748461', '2016-06-03', 'female', '/img/A0017.jpg'),
(18, '黃晏汝', 'yX82t273', 'cheryl4467@gmail.com', '南投縣草屯鎮中正路底巷8號11樓', '0933659036', '1989-11-25', 'female', '/img/A0018.jpg'),
(19, '郭康賢', 'gKzLN77d', 'butler2572@gmail.com', '臺北市士林區環河北路３段9號6樓', '0916127955', '2000-08-30', 'female', '/img/A0019.jpg'),
(20, '白於禎', '4puE6PNy', 'watson5565@yahoo.com', '嘉義縣布袋鎮虎尾寮4號', '0956644100', '2009-02-07', 'female', '/img/A0020.jpg'),
(21, '曾以新', '7eZa4u69', 'shields363@outlook.com', '新北市三重區富福街47號之1', '0916032385', '1994-08-11', 'female', '/img/A0021.jpg'),
(22, '黃思玲', '5hwCGfed', 'terry7816@yahoo.com', '臺東縣臺東市新站三街81號', '0952859508', '2009-11-28', 'male', '/img/A0022.jpg'),
(23, '江峻軒', '96JumNG8', 'debra7713@gmail.com', '臺中市石岡區豐勢路廣成巷69號', '0924666844', '1961-07-29', 'female', '/img/A0023.jpg'),
(24, '鍾家鋭', '2U52KGZb', 'cole8549@gmail.com', '臺南市安平區效忠街27號5樓', '0970205929', '2018-04-06', 'male', '/img/A0024.jpg'),
(25, '鍾盛雅', 'tPs6eP6f', 'morales2136@gmail.com', '嘉義縣布袋鎮新北五街56號', '0911445841', '1960-12-30', 'female', '/img/A0025.jpg'),
(26, '宋冠妤', 'h244A23W', 'hannah7968@gmail.com', '彰化縣彰化市天祥路77號10樓', '0938428221', '2019-11-25', 'male', '/img/A0026.jpg'),
(27, '陳娟泓', '22Xr9eVe', 'zachary2869@gmail.com', '臺中市沙鹿區中正街21號之5', '0918432435', '2013-05-11', 'male', '/img/A0027.jpg'),
(28, '蔡梓鬱', '488663X5', 'jane3069@gmail.com', '臺中市潭子區甘水路2段13號10樓之17', '0972008943', '1972-07-25', 'male', '/img/A0028.jpg'),
(29, '溫堯悟', 'Ud6327QG', 'christopher5030@gmail.com', '苗栗縣苗栗市國馨33號', '0922172234', '2006-12-04', 'female', '/img/A0029.jpg'),
(30, '林晏璧', 'd9B6ASye', 'mallette4896@yahoo.com', '桃園市大溪區仁和二街80號之3', '0936274541', '1988-08-27', 'female', '/img/A0030.jpg'),
(31, '蕭林玉', '6bmb9TRG', 'corey3943@gmail.com', '彰化縣二林鎮中四路17號', '0958050151', '1983-02-18', 'female', '/img/A0031.jpg'),
(32, '童晉盛', '92np3Acr', 'amber4366@gmail.com', '新北市中和區和平路67號11樓', '0939288392', '2011-12-16', 'male', '/img/A0032.jpg'),
(33, '廖志鬆', 'w39L5g7q', 'kara5654@hotmail.com', '新北市淡水區自強路83號4樓', '0937534739', '1981-06-10', 'male', '/img/A0033.jpg'),
(34, '盧姣希', 'EmL7spkt', 'wood7500@outlook.com', '桃園市中壢區啟文路１段39號', '0970949745', '1977-07-05', 'male', '/img/A0034.jpg'),
(35, '郭堇易', '88G8rHBv', 'ryan9543@outlook.com', '苗栗縣頭份市尖下68號之16', '0931315020', '2019-10-29', 'female', '/img/A0035.jpg'),
(36, '陳嬌臻', 'z7J58789', 'jeffries8014@gmail.com', '桃園市楊梅區萬福街91號', '0925809331', '2001-01-11', 'female', '/img/A0036.jpg'),
(37, '曹彤馨', 'UcwBPWba', 'peterson2563@hotmail.com', '嘉義縣番路鄉北勢56號之14', '0932343251', '1989-09-06', 'male', '/img/A0037.jpg'),
(38, '葉淇賢', '8878aPva', 'middleton5847@gmail.com', '彰化縣彰化市慈生街51號3樓', '0960711504', '1962-05-01', 'female', '/img/A0038.jpg'),
(39, '李暉瀟', 'B2HWg5D4', 'daul8186@gmail.com', '桃園市平鎮區環南路69號之6', '0970173699', '2012-03-18', 'female', '/img/A0039.jpg'),
(40, '徐淇順', '5sZVXkUM', 'mark3992@gmail.com', '雲林縣古坑鄉新庄70號6樓', '0970975954', '2009-03-28', 'male', '/img/A0040.jpg'),
(41, '顏之俊', '8LWb7J66', 'edward2425@gmail.com', '高雄市苓雅區金門街13號7樓之7', '0934063903', '1967-07-15', 'male', '/img/A0041.jpg'),
(42, '鄭初嘉', '2e5TN497', 'banks2187@gmail.com', '臺中市大里區德芳路2段9號之16', '0989302457', '1972-04-01', 'female', '/img/A0042.jpg'),
(43, '田許雙', 'Lx9FC672', 'melanie5718@outlook.com', '臺東縣鹿野鄉鹿寮路52號12樓', '0963181608', '1991-01-04', 'male', '/img/A0043.jpg'),
(44, '王華風', '9pzR787b', 'harris1680@icloud.com', '桃園市蘆竹區興化路62號', '0955205524', '2009-12-25', 'male', '/img/A0044.jpg'),
(45, '涂霞露', 'Gs5Ta7n9', 'pattie5880@yahoo.com', '苗栗縣後龍鎮自強三街91號', '0921118083', '2015-11-05', 'female', '/img/A0045.jpg'),
(46, '傅妍思', '866A6238', 'perez6719@outlook.com', '新竹市香山區竹香北路36號6樓', '0910618098', '2017-04-08', 'female', '/img/A0046.jpg'),
(47, '王俞精', '22m6kGu5', 'nicole2737@outlook.com', '苗栗縣苗栗市中山路41號之11', '0938306800', '2002-12-10', 'male', '/img/A0047.jpg'),
(48, '陳一豔', 'NtCk32s7', 'matthew8755@outlook.com', '高雄市仁武區八德南路88號之11', '0954568023', '1987-10-31', 'female', '/img/A0048.jpg'),
(49, '洪福良', 'fg5x9see', 'blackwood7084@hotmail.com', '基隆市中山區復興路60號', '0971970841', '2007-03-22', 'female', '/img/A0049.jpg'),
(50, '趙陽齊', 'Satm22u2', 'thomas6995@gmail.com', '新北市八里區大崁腳55號之2', '0923310700', '1993-08-08', 'male', '/img/A0050.jpg'),
(51, '邱潤祉', '649p8z8d', 'briggs3220@gmail.com', '臺中市北區中達街44號2樓之16', '0923420431', '2001-07-07', 'male', '/img/A0051.jpg'),
(52, '洪克珂', '48Y9V4M4', 'lia1321@gmail.com', '臺東縣池上鄉新光路6號11樓', '0917925823', '1982-08-24', 'male', '/img/A0052.jpg'),
(53, '林林添', '9F62394c', 'bowen8712@hotmail.com', '屏東縣屏東市崇明二街79號', '0956707750', '1995-04-22', 'female', '/img/A0053.jpg'),
(54, '盧功承', 'Lzy9XY8A', 'burton5597@hotmail.com', '彰化縣田尾鄉民生路１段17號', '0937415192', '1973-11-25', 'female', '/img/A0054.jpg'),
(55, '孫康懷', 'c2sNmGUD', 'kennedy3461@gmail.com', '高雄市三民區臥龍路72號之5', '0953039633', '1998-11-12', 'male', '/img/A0055.jpg'),
(56, '蔡睿賢', 'S35vyNpV', 'fawcett702@yahoo.com', '屏東縣長治鄉園西一路5號', '0926688779', '1978-11-11', 'female', '/img/A0056.jpg'),
(57, '黃弘楷', 'A4bEf6Y8', 'mason489@yahoo.com', '彰化縣埤頭鄉王厝巷80號', '0916806447', '1981-09-09', 'male', '/img/A0057.jpg'),
(58, '陳樹福', 'dZ3su967', 'flores9340@gmail.com', '高雄市楠梓區宏毅二路北三巷68號', '0982760744', '2002-09-18', 'female', '/img/A0058.jpg'),
(59, '陳暢澤', 'Q2T667zr', 'alan6281@gmail.com', '宜蘭縣三星鄉電力路77號', '0933397920', '1972-05-07', 'female', '/img/A0059.jpg'),
(60, '洪景琳', 'dQ4LmQ2G', 'watson8335@gmail.com', '彰化縣秀水鄉鎮南巷80號11樓', '0989941678', '1965-08-29', 'female', '/img/A0060.jpg'),
(61, '梁平珈', '739K7eKG', 'cruz9139@gmail.com', '彰化縣和美鎮孝基路11號之20', '0970159374', '1993-01-24', 'male', '/img/A0061.jpg'),
(62, '魏益鬆', 'fP97XaVw', 'turner8761@hotmail.com', '高雄市仁武區仁孝路58號', '0982072728', '2002-06-16', 'male', '/img/A0062.jpg'),
(63, '曾鋒青', '53FK88La', 'alyssa160@gmail.com', '臺北市大同區南京西路56號', '0926834117', '2007-07-12', 'female', '/img/A0063.jpg'),
(64, '廖彬諺', 'xD7X393g', 'castillo6563@gmail.com', '高雄市旗山區中西巷46號', '0934563749', '1961-09-06', 'male', '/img/A0064.jpg'),
(65, '汪娜瑋', 'L38z33wR', 'sophie1728@gmail.com', '臺南市白河區中正路58號7樓', '0963044677', '1985-11-02', 'female', '/img/A0065.jpg'),
(66, '賴惠羽', 'SrVy69t7', 'olivia1977@gmail.com', '新北市淡水區山子頂43號8樓', '0971175638', '1982-04-03', 'female', '/img/A0066.jpg'),
(67, '孫姝正', '53TVRmm6', 'jenny7558@hotmail.com', '彰化縣和美鎮仁化路29號12樓', '0938105162', '2007-10-21', 'female', '/img/A0067.jpg'),
(68, '李璐研', '38J27652', 'gardner508@yahoo.com', '屏東縣屏東市豐華街55號之3', '0931292667', '1967-03-09', 'male', '/img/A0068.jpg'),
(69, '劉勳承', 'f2Mrf4A8', 'karen3511@gmail.com', '彰化縣和美鎮仁親路38號', '0917586291', '1977-12-22', 'female', '/img/A0069.jpg'),
(70, '馬磊謙', 'd2v3D8k2', 'carter4216@gmail.com', '苗栗縣苗栗市北苗35號', '0917274411', '1992-04-16', 'female', '/img/A0070.jpg'),
(71, '莊夢宣', 'P9s6an8C', 'diaz1660@outlook.com', '臺中市潭子區雅潭路2段83號4樓', '0958367362', '2000-09-17', 'female', '/img/A0071.jpg'),
(72, '陳城夫', '93XCS75M', 'cockburn3261@icloud.com', '臺中市北屯區環太東路6號', '0971586096', '2005-09-16', 'male', '/img/A0072.jpg'),
(73, '陳興賢', 'ra2634X5', 'liya9002@gmail.com', '高雄市燕巢區安招路7號9樓', '0919544074', '2011-04-25', 'female', '/img/A0073.jpg'),
(74, '溫亞涵', 'UPUN7VCh', 'rodney6829@hotmail.com', '宜蘭縣五結鄉復興五路80號6樓', '0989612827', '1965-01-03', 'female', '/img/A0074.jpg'),
(75, '巫健精', 'WA6XLFmU', 'kevin9823@hotmail.com', '嘉義縣太保市故宮大道14號', '0971686162', '1972-11-28', 'female', '/img/A0075.jpg'),
(76, '董叢然', 'w865APqK', 'dennis5894@yahoo.com', '桃園市楊梅區中山南路40號2樓', '0928620550', '1997-10-03', 'female', '/img/A0076.jpg'),
(77, '鄭凝喧', 'rf3qpKaG', 'garland2878@gmail.com', '高雄市燕巢區金山路66號', '0915255838', '1963-12-27', 'male', '/img/A0077.jpg'),
(78, '李寧薇', 'v6399KY8', 'gonzales9541@icloud.com', '彰化縣秀水鄉秀中街69號', '0920283775', '2019-05-16', 'male', '/img/A0078.jpg'),
(79, '黃泓禹', '54Q48Bft', 'bieber8052@outlook.com', '臺南市仁德區土庫一街30號', '0926194561', '1965-05-05', 'male', '/img/A0079.jpg'),
(80, '陳卿心', 'hsaa8DxJ', 'dinwiddie3096@hotmail.com', '臺中市南區信義南街97號', '0937807531', '2014-05-03', 'female', '/img/A0080.jpg'),
(81, '周卓慈', 'at53f53H', 'judy4867@gmail.com', '臺南市鹽水區康樂路1號6樓', '0927343076', '1979-12-10', 'male', '/img/A0081.jpg'),
(82, '林曄淼', 'ks52VA24', 'kieran1088@gmail.com', '彰化縣彰化市仁愛路35號11樓之11', '0921890034', '2001-04-25', 'male', '/img/A0082.jpg'),
(83, '唐坤達', 'c2tGkaL2', 'mendoza6556@gmail.com', '宜蘭縣冬山鄉內湖路57號3樓之8', '0921922560', '1967-04-27', 'female', '/img/A0083.jpg'),
(84, '嚴宇銀', '8bwg7h53', 'alan1240@gmail.com', '臺中市東區玉皇街1號', '0961204602', '2008-09-05', 'female', '/img/A0084.jpg'),
(85, '梁帆彰', '78UX224K', 'edith8126@outlook.com', '臺中市潭子區中山路2段67號之2', '0963052939', '1992-02-17', 'male', '/img/A0085.jpg'),
(86, '董奕茹', 'Z9y9LK8w', 'barbara4946@outlook.com', '雲林縣古坑鄉長安路22號', '0926525002', '1986-05-16', 'female', '/img/A0086.jpg'),
(87, '謝茜雨', 'J7N4uUJ4', 'sigrid2332@yahoo.com', '臺南市柳營區雙和路84號7樓', '0963256200', '1966-01-10', 'male', '/img/A0087.jpg'),
(88, '尤湘盈', 'WJN8s6NV', 'judith2149@gmail.com', '桃園市蘆竹區新南路１段35號', '0933213077', '1996-02-13', 'female', '/img/A0088.jpg'),
(89, '吳騏鑫', 'v2K6f7Xn', 'martinez4748@gmail.com', '臺南市關廟區文衡路5號之9', '0989432992', '1988-08-17', 'male', '/img/A0089.jpg'),
(90, '童以喧', 'L6BpG8QC', 'wright2037@gmail.com', '高雄市前鎮區鎮昌一巷84號8樓', '0915486446', '2013-03-18', 'male', '/img/A0090.jpg'),
(91, '劉慶謙', 'D22NT6U3', 'sterling801@gmail.com', '臺中市大里區大里路西里巷85號', '0929402389', '1999-10-22', 'female', '/img/A0091.jpg'),
(92, '翁珈茹', 'wSQ8T8cx', 'burton1353@gmail.com', '高雄市左營區自由二路21號11樓之11', '0916340136', '2019-01-19', 'female', '/img/A0092.jpg'),
(93, '尤佳和', 'hv48Zycr', 'jacob1083@gmail.com', '彰化縣鹿港鎮埔尾巷12號之17', '0956298328', '2007-08-08', 'male', '/img/A0093.jpg'),
(94, '歐意温', 'pe9qYqM3', 'jesse8880@outlook.com', '新竹縣芎林鄉倒別牛39號', '0926104082', '1977-05-16', 'female', '/img/A0094.jpg'),
(95, '楊思泓', '7UGPmcEQ', 'johnson6701@outlook.com', '彰化縣秀水鄉古蒼巷65號', '0982502459', '1983-02-21', 'female', '/img/A0095.jpg'),
(96, '黎好正', 's82Y37aQ', 'hernandez1759@gmail.com', '屏東縣內埔鄉嘉應路53號2樓之16', '0956976899', '2011-03-30', 'female', '/img/A0096.jpg'),
(97, '顏卓昌', '9z3J57ef', 'harmon8517@yahoo.com', '臺北市松山區長春路57號11樓', '0936678103', '2004-07-02', 'female', '/img/A0097.jpg'),
(98, '劉勛耿', 'Xhf8eMNp', 'jose5150@yahoo.com', '高雄市甲仙區關東巷42號', '0986673699', '1965-02-21', 'male', '/img/A0098.jpg'),
(99, '楊振遠', 'w6J2eB9F', 'robinson435@hotmail.com', '臺中市梧棲區文化路2段5號11樓', '0968130883', '2013-11-14', 'male', '/img/A0099.jpg'),
(100, '王熙舟', '5AG7zQH9', 'benjamin7241@gmail.com', '臺中市后里區廠舍莊二弄43號', '0963746156', '2019-12-21', 'female', '/img/A0100.jpg'),
(101, '張正爾', '437Rn274', 'dinwiddie8660@gmail.com', '臺中市北屯區水湳路55號', '0935754903', '1965-05-15', 'male', '/img/A0101.jpg'),
(102, '施玉翰', '887X4gdn', 'simmons8879@gmail.com', '宜蘭縣宜蘭市新民路大東巷8號', '0915728502', '2007-02-04', 'male', '/img/A0102.jpg'),
(103, '巫燕莘', 'k3wzZ6WH', 'nolan8929@outlook.com', '雲林縣北港鎮民權路43號之16', '0954617564', '2012-08-26', 'female', '/img/A0103.jpg'),
(104, '蔡懷海', '5z6xn3ua', 'ross2463@gmail.com', '嘉義縣番路鄉永興77號', '0989284328', '2006-07-26', 'male', '/img/A0104.jpg'),
(105, '劉宥帆', 'NE8P6FSF', 'flores3104@hotmail.com', '桃園市大園區中興街70號', '0963887624', '1968-08-31', 'female', '/img/A0105.jpg'),
(106, '董彥知', '95BeA72n', 'chet7293@icloud.com', '新竹市東區新源街36號6樓', '0958077772', '1978-12-15', 'female', '/img/A0106.jpg'),
(107, '龔忠拓', 'G6b7VhJ5', 'gaddis8565@gmail.com', '彰化縣溪州鄉瓦厝村永安路17號4樓', '0971477075', '1974-07-03', 'male', '/img/A0107.jpg'),
(108, '黃博睿', '8BdTt66x', 'barrow6127@yahoo.com', '南投縣南投市同源路十街34號之14', '0939908173', '1977-05-17', 'female', '/img/A0108.jpg'),
(109, '李悦禎', 'WU3v5n6u', 'jesse321@gmail.com', '臺中市南屯區惠心街7號', '0912846639', '1961-09-19', 'female', '/img/A0109.jpg'),
(110, '陳梓舒', 'vFc5cvf2', 'liya4230@yahoo.com', '高雄市茄萣區大德路41號', '0968992737', '1995-04-01', 'male', '/img/A0110.jpg'),
(111, '洪英軒', 'cC375t37', 'diana1525@hotmail.com', '苗栗縣頭份市德義路25號', '0937990198', '1995-06-24', 'male', '/img/A0111.jpg'),
(112, '潘南藴', 'W689C4eE', 'carson9037@gmail.com', '彰化縣二林鎮太平路１段86號之11', '0960427854', '1966-04-03', 'male', '/img/A0112.jpg'),
(113, '韓材理', 'KST2vY6m', 'rodriguez9351@gmail.com', '臺北市萬華區東園街24號4樓之10', '0918137997', '1983-06-04', 'female', '/img/A0113.jpg'),
(114, '吳年爍', 'CEam2WKy', 'kyle8957@yahoo.com', '臺北市中山區建國北路2段94號11樓', '0936951070', '2004-09-27', 'female', '/img/A0114.jpg'),
(115, '黃昱霜', 'R4SGdX99', 'gina1996@yahoo.com', '桃園市八德區大車路91號', '0968823393', '1973-09-27', 'male', '/img/A0115.jpg'),
(116, '廖以千', 'tQ5G2gSy', 'izabella1977@gmail.com', '臺北市文山區景福街92號', '0911362950', '1997-04-05', 'male', '/img/A0116.jpg'),
(117, '張喧瑾', 'QN2k22aT', 'eric8770@gmail.com', '臺中市大雅區雅潭路３段8號', '0961486624', '1965-12-22', 'female', '/img/A0117.jpg'),
(118, '巫千瑾', 'QeDwGtK7', 'carlisle5485@gmail.com', '桃園市新屋區快速路６段2號之7', '0987944281', '1977-04-27', 'female', '/img/A0118.jpg'),
(119, '謝彰樹', '2449P4yq', 'alvarez5200@icloud.com', '臺北市內湖區成功路４段87號2樓', '0920385727', '2016-06-03', 'female', '/img/A0119.jpg'),
(120, '張璧翊', 'adYup265', 'brody6328@gmail.com', '新北市五股區御史路27號', '0982887438', '2002-01-24', 'male', '/img/A0120.jpg'),
(121, '郭召水', '6BZ6Xw5S', 'thompson1999@gmail.com', '臺中市大甲區順帆路55號6樓', '0935136587', '1991-01-07', 'female', '/img/A0121.jpg'),
(122, '何乾坤', 'A796WeWV', 'elizabeth2269@gmail.com', '高雄市鼓山區華泰路20號', '0913664925', '2016-11-27', 'male', '/img/A0122.jpg'),
(123, '簡恩洪', 'W58775Gc', 'pitcher7692@gmail.com', '桃園市桃園區宏昌九街68號11樓', '0986972536', '1985-10-09', 'male', '/img/A0123.jpg'),
(124, '林劉鑫', 'q43xrHL4', 'torres6351@gmail.com', '臺中市北屯區崇仁街6號之8', '0934890948', '1994-01-05', 'male', '/img/A0124.jpg'),
(125, '劉敏旻', 'CnQ469Bp', 'donald354@gmail.com', '臺中市南區民興街71號之15', '0914674523', '2015-08-26', 'male', '/img/A0125.jpg'),
(126, '周彥朋', '8mm4pUxw', 'merrick9264@yahoo.com', '屏東縣屏東市菸廠東巷46號', '0987495405', '1993-03-11', 'female', '/img/A0126.jpg'),
(127, '馬品春', '3mfa98wd', 'jeffrey1768@gmail.com', '高雄市三民區鼎山街92號', '0921715660', '1976-09-22', 'male', '/img/A0127.jpg'),
(128, '傅瀾益', '2D32NCLM', 'sierra9919@gmail.com', '花蓮縣玉里鎮中華路65號', '0960082834', '2007-04-27', 'male', '/img/A0128.jpg'),
(129, '陳歡瑛', '2a26AyB9', 'guerrero1748@gmail.com', '苗栗縣竹南鎮復興路48號', '0920079870', '1976-04-12', 'male', '/img/A0129.jpg'),
(130, '莊淇磊', '89d5m6X7', 'jimmy7000@icloud.com', '臺中市龍井區中沙路85號7樓', '0955595945', '2013-10-04', 'male', '/img/A0130.jpg'),
(131, '宋維華', '983Y2GJE', 'hampden9198@gmail.com', '臺中市豐原區圳寮路8號', '0952476985', '1988-07-04', 'female', '/img/A0131.jpg'),
(132, '吳奕知', 'gAJxXt4h', 'bonnie7227@hotmail.com', '新北市鶯歌區成功街32號', '0919762583', '1999-09-22', 'male', '/img/A0132.jpg'),
(133, '程真維', 'x84Pq5FH', 'paul9990@hotmail.com', '花蓮縣吉安鄉光城路14號', '0956364898', '1969-06-24', 'female', '/img/A0133.jpg'),
(134, '傅敏越', 'y35pFNN6', 'witton6008@gmail.com', '桃園市桃園區新埔十街2號7樓之18', '0910463808', '2003-11-02', 'male', '/img/A0134.jpg'),
(135, '吳磊雄', 'nm9D62m7', 'gerson5801@hotmail.com', '南投縣竹山鎮集山路３段59號', '0982393474', '1971-02-05', 'male', '/img/A0135.jpg'),
(136, '黃堯祟', '2xDE63GZ', 'sinatra3291@outlook.com', '高雄市前鎮區鎮北三巷70號8樓', '0929200693', '1969-10-26', 'male', '/img/A0136.jpg'),
(137, '白懿郁', '56D9e34a', 'nicholas4723@gmail.com', '臺南市東區仁和路3號之15', '0921982547', '1963-05-31', 'female', '/img/A0137.jpg'),
(138, '巫秋綺', 'h4yBbN74', 'teddy3307@outlook.com', '屏東縣長治鄉繁榮街63號之20', '0956333873', '2018-08-18', 'male', '/img/A0138.jpg'),
(139, '吳可微', '5n4E2VwM', 'cameron708@gmail.com', '彰化縣竹塘鄉竹林路１段18號6樓', '0958878960', '1970-05-29', 'male', '/img/A0139.jpg'),
(140, '楊名秉', 'wVFx8b5p', 'bledel3228@gmail.com', '臺北市萬華區桂林路100號', '0933161096', '1970-12-02', 'female', '/img/A0140.jpg'),
(141, '楊可喧', '9ghUv77e', 'mckenzie7979@gmail.com', '宜蘭縣蘇澳鎮德興八路76號7樓', '0987239351', '2016-09-03', 'male', '/img/A0141.jpg'),
(142, '楊任明', '5F8eVV9C', 'melanie4843@outlook.com', '臺北市萬華區昆明街16號11樓之18', '0989388971', '2005-06-11', 'male', '/img/A0142.jpg'),
(143, '馬孝真', 'm496DZBZ', 'greg1801@gmail.com', '屏東縣恆春鎮興北路興東巷96號之20', '0971171826', '2013-02-20', 'male', '/img/A0143.jpg'),
(144, '林彌穎', 'Ep9D56dG', 'peretti2165@gmail.com', '苗栗縣頭份市尖豐路19號之4', '0934872315', '1990-05-31', 'female', '/img/A0144.jpg'),
(145, '張煥鳳', 'e7Y65456', 'jimenez3523@gmail.com', '新北市三峽區仁愛街92號10樓', '0935181873', '1999-09-08', 'female', '/img/A0145.jpg'),
(146, '林苑鑫', '49vW7trZ', 'tiana7595@gmail.com', '新竹縣竹東鎮杞林路1號12樓', '0925677723', '1973-06-09', 'male', '/img/A0146.jpg'),
(147, '翁俞琛', '3zpZd6T5', 'orrico1254@gmail.com', '高雄市鳳山區國慶二街8號之11', '0924353130', '1971-10-23', 'male', '/img/A0147.jpg'),
(148, '郭培沐', 'Mpt286Bu', 'johnny6246@gmail.com', '新北市板橋區萬板路98號8樓', '0914135683', '1972-12-12', 'female', '/img/A0148.jpg'),
(149, '彭均雅', 'n9bNy2CS', 'jeffries8050@yahoo.com', '屏東縣東港鎮興中南五街11號', '0911021200', '2009-02-08', 'female', '/img/A0149.jpg'),
(150, '簡捷汝', 'u8b3q9y7', 'seth9779@gmail.com', '臺中市大里區達明路28號6樓', '0939405374', '1985-10-01', 'male', '/img/A0150.jpg'),
(151, '許函曉', 'A3464QEH', 'vivian8228@hotmail.com', '臺中市西屯區安和路11號2樓', '0961725699', '1961-10-07', 'female', '/img/A0151.jpg'),
(152, '程秉驥', '23e99q26', 'cynthia5300@gmail.com', '高雄市左營區曾子路36號', '0926521254', '1982-12-22', 'male', '/img/A0152.jpg'),
(153, '李南智', '37p22Pnb', 'paula3500@yahoo.com', '桃園市平鎮區貿一路69號之7', '0963534685', '1979-02-14', 'male', '/img/A0153.jpg'),
(154, '洪婧宥', 'xKfECgtH', 'mantle3172@gmail.com', '臺北市士林區中山北路６段36號', '0935246950', '1993-12-11', 'female', '/img/A0154.jpg'),
(155, '湯棠然', '22K7fX5a', 'martinez5918@yahoo.com', '嘉義市西區仁愛路8號4樓', '0926340376', '1965-02-23', 'female', '/img/A0155.jpg'),
(156, '邱少諄', 'z7fT394a', 'collins225@outlook.com', '新北市中和區橋安街34號9樓', '0911320015', '1968-07-11', 'male', '/img/A0156.jpg'),
(157, '楊洋美', 'e3NWvaT5', 'bella5793@icloud.com', '基隆市信義區東美二街92號', '0917573389', '1994-04-22', 'male', '/img/A0157.jpg'),
(158, '鐘伯謹', 'Mwc84P53', 'sean5454@gmail.com', '臺中市潭子區得才街96號10樓', '0988776641', '1964-06-12', 'male', '/img/A0158.jpg'),
(159, '張全盧', '594kk87D', 'bates1896@icloud.com', '雲林縣斗六市科班路15號', '0955057572', '1974-02-09', 'female', '/img/A0159.jpg'),
(160, '楊聖霖', 'E35uHUPT', 'middleton2169@gmail.com', '高雄市林園區王公一路51號', '0918930961', '1979-02-03', 'female', '/img/A0160.jpg'),
(161, '蔡雯霞', 'T36q8J77', 'anderson6524@gmail.com', '新竹縣峨眉鄉大同街73號9樓之18', '0918462993', '1998-09-09', 'male', '/img/A0161.jpg'),
(162, '蕭彥露', 'f7r9frM8', 'carlisle1872@gmail.com', '臺北市中正區紹興南街70號', '0933420298', '1966-02-22', 'male', '/img/A0162.jpg'),
(163, '王竹艾', 'G8e428pb', 'michaels5523@gmail.com', '彰化縣永靖鄉圳腳巷72號', '0926670696', '1974-06-23', 'male', '/img/A0163.jpg'),
(164, '李業騏', 'c56DJ3zW', 'mikaela7155@gmail.com', '臺中市南屯區大墩路14號4樓', '0916692433', '1986-03-02', 'female', '/img/A0164.jpg'),
(165, '李召媛', '92U59X48', 'chavez502@outlook.com', '桃園市中壢區普仁新村93號之6', '0916140780', '1996-07-08', 'male', '/img/A0165.jpg'),
(166, '馮力媛', '59bvLQ5U', 'surname9433@gmail.com', '桃園市中壢區民族路５段54號6樓之1', '0963250603', '2017-02-02', 'male', '/img/A0166.jpg'),
(167, '劉睿葉', '6R7LvH4F', 'haskell132@yahoo.com', '臺中市南屯區永春北路56號', '0953977345', '2002-08-15', 'male', '/img/A0167.jpg'),
(168, '戴哲展', 'EL6Hp4M8', 'corey753@outlook.com', '新北市中和區中板路37號6樓', '0929704928', '1978-10-17', 'male', '/img/A0168.jpg'),
(169, '陳哲玉', 'xPhQZAD5', 'charles5296@gmail.com', '高雄市茄萣區港口路46號11樓之1', '0912956586', '2015-06-05', 'female', '/img/A0169.jpg'),
(170, '邱子豪', 'p3C9dKQ9', 'anderson7810@icloud.com', '臺南市關廟區旺萊路80號', '0982170722', '1961-12-11', 'male', '/img/A0170.jpg'),
(171, '羅晟顏', '828CsMM3', 'lester9952@gmail.com', '臺北市大安區金華街35號', '0937856509', '2018-03-13', 'female', '/img/A0171.jpg'),
(172, '楊輝道', 'tF64Zh3n', 'ross2995@outlook.com', '臺南市佳里區平等街31號', '0961000890', '2011-06-18', 'male', '/img/A0172.jpg'),
(173, '劉帆瑞', '84pcgG2m', 'beardsley4701@gmail.com', '臺東縣關山鎮和平路42號11樓', '0982485939', '1969-08-02', 'female', '/img/A0173.jpg'),
(174, '賴菁豔', '5a6MaxQx', 'scott9033@gmail.com', '新北市淡水區石頭埔99號', '0955894312', '2000-02-10', 'female', '/img/A0174.jpg'),
(175, '姚泓漢', '7A67Z5nL', 'frank4602@yahoo.com', '臺北市士林區仰德大道３段45號之3', '0912682762', '1999-04-22', 'female', '/img/A0175.jpg'),
(176, '蔡千遠', 'Lcr8htHR', 'cockburn5725@gmail.com', '桃園市蘆竹區五福路27號', '0918109297', '1963-04-09', 'female', '/img/A0176.jpg'),
(177, '黃奇許', 'PMB8NCzZ', 'clark3425@hotmail.com', '高雄市林園區半路96號12樓', '0928090212', '2015-02-21', 'female', '/img/A0177.jpg'),
(178, '徐喧肇', '6Y398yr6', 'vives4263@gmail.com', '新北市板橋區英士路56號8樓之14', '0927804311', '2003-10-05', 'male', '/img/A0178.jpg'),
(179, '吳元温', '93cAH642', 'carter4194@gmail.com', '屏東縣新埤鄉南松路42號10樓', '0987576042', '1960-09-06', 'male', '/img/A0179.jpg'),
(180, '黃冠雲', '467QDJs6', 'nicole1594@hotmail.com', '高雄市苓雅區大順三路86號之8', '0916928421', '1975-08-26', 'male', '/img/A0180.jpg'),
(181, '游宥月', 'n52gQp75', 'connie1710@hotmail.com', '南投縣埔里鎮東榮路82號', '0971738423', '1972-05-20', 'male', '/img/A0181.jpg'),
(182, '李彥瑾', 'xub6yp43', 'seth6519@gmail.com', '臺中市北屯區大富路40號', '0911651890', '1967-09-27', 'male', '/img/A0182.jpg'),
(183, '游妍晴', 'g277ExPb', 'doohan4759@yahoo.com', '臺南市楠西區密枝98號', '0956608341', '1976-12-23', 'female', '/img/A0183.jpg'),
(184, '錢永立', '87DLGSG5', 'daisy7110@outlook.com', '臺中市西屯區惠來路１段79號', '0923600002', '2019-04-15', 'female', '/img/A0184.jpg'),
(185, '石楷韶', 'T4RC2KaF', 'dwight1619@gmail.com', '桃園市蘆竹區海山路１段4號', '0924517066', '1988-11-01', 'female', '/img/A0185.jpg'),
(186, '阮喧寧', 'cUu9XJ7q', 'foster2461@icloud.com', '臺中市西區精誠十街38號', '0961653337', '1985-08-08', 'male', '/img/A0186.jpg'),
(187, '蘇影承', 'DGv9J8y8', 'connor589@icloud.com', '新北市金山區中信南路98號', '0958018321', '1965-07-11', 'female', '/img/A0187.jpg'),
(188, '許奇煒', 'GuyBnFmV', 'keaton5027@hotmail.com', '雲林縣斗南鎮順安街90號', '0936687638', '2013-08-20', 'female', '/img/A0188.jpg'),
(189, '湯暢燦', '7fQTaB33', 'nguyen643@hotmail.com', '臺北市士林區大南路16號', '0924689344', '2007-05-10', 'female', '/img/A0189.jpg'),
(190, '侯宥晏', 'Fyw5s835', 'lewis1738@gmail.com', '臺南市永康區大安街71號', '0972196296', '2018-12-28', 'male', '/img/A0190.jpg'),
(191, '邵如藍', 'GZ696amf', 'lily9975@gmail.com', '臺南市善化區保安街45號', '0916003247', '2004-01-31', 'female', '/img/A0191.jpg'),
(192, '吳偉政', 'zv7tb879', 'jackson573@gmail.com', '新竹縣竹東鎮仁愛路39號5樓', '0922993487', '2018-02-01', 'male', '/img/A0192.jpg'),
(193, '柯易霄', 'vf3kJQ7z', 'swift8377@gmail.com', '屏東縣萬巒鄉永安路56號', '0919833785', '1976-08-01', 'female', '/img/A0193.jpg'),
(194, '王濱風', '8L3fqB2P', 'kenneth1889@outlook.com', '彰化縣社頭鄉新生巷東一弄80號', '0920909956', '2018-10-13', 'female', '/img/A0194.jpg'),
(195, '張林藝', 'XCLP3973', 'amy3687@yahoo.com', '高雄市三民區十全二路72號', '0933066760', '1993-02-26', 'male', '/img/A0195.jpg'),
(196, '黃冠靖', 'P6H9szFG', 'penny1672@hotmail.com', '桃園市觀音區保生六路51號之20', '0954050546', '2014-01-01', 'female', '/img/A0196.jpg'),
(197, '張嬡芪', 'svM29Uk9', 'rodriguez9266@gmail.com', '屏東縣屏東市民學路10號', '0956541340', '2015-01-10', 'female', '/img/A0197.jpg'),
(198, '吳亞力', '336Qp84B', 'garland8766@yahoo.com', '新北市板橋區大仁街61號11樓', '0939678251', '1990-11-07', 'male', '/img/A0198.jpg'),
(199, '姜晉玲', '26gBpaZG', 'roger7245@gmail.com', '嘉義市西區興通路35號8樓', '0932136814', '1975-12-04', 'female', '/img/A0199.jpg'),
(200, '黃嬈春', '4zPz542T', 'amelia4399@outlook.com', '臺中市大雅區雅潭路３段1號9樓', '0925080304', '2006-12-09', 'female', '/img/A0200.jpg'),
(201, '謝依潞', '68WJ9W8k', 'ruth2012@outlook.com', '雲林縣斗六市興農路61號7樓', '0989591014', '2013-09-03', 'female', '/img/A0201.jpg'),
(202, '邱之琦', 'KErY7JZv', 'christy9735@gmail.com', '金門縣金城鎮莒光路54號', '0933435180', '1969-09-21', 'male', '/img/A0202.jpg'),
(203, '洪祟諺', '4bkNWbPJ', 'jillian6328@yahoo.com', '桃園市中壢區義民路１段33號', '0910589598', '1964-06-11', 'female', '/img/A0203.jpg'),
(204, '陳寶逸', 'hD2693P5', 'gregory7755@yahoo.com', '新北市三芝區芝麻五街4號', '0968917910', '1992-06-05', 'female', '/img/A0204.jpg'),
(205, '林港睿', 'fS2R5E58', 'hart984@gmail.com', '高雄市鳳山區文昌街29號', '0970610206', '1975-09-08', 'male', '/img/A0205.jpg'),
(206, '何堇夫', '8vS3P9uQ', 'pamela3950@gmail.com', '臺南市安南區環館二路21號之5', '0923267629', '1981-09-15', 'male', '/img/A0206.jpg'),
(207, '陳暉諺', 'J8n7Emu6', 'franco5460@gmail.com', '苗栗縣苗栗市南光55號之7', '0989927958', '1996-01-31', 'male', '/img/A0207.jpg'),
(208, '簡羣語', 'RMQa7p27', 'briggs778@outlook.com', '臺中市東區東英路26號', '0955267865', '2003-01-21', 'male', '/img/A0208.jpg'),
(209, '莊思龍', '76q4x4e9', 'julie8704@gmail.com', '臺中市烏日區溪南路１段73號', '0921739739', '1972-08-10', 'female', '/img/A0209.jpg'),
(210, '李勛彤', 'Hs9dAup4', 'roy8390@outlook.com', '雲林縣土庫鎮成功路67號之3', '0970276275', '2000-06-01', 'male', '/img/A0210.jpg'),
(211, '詹折蓁', 'Z9488BMm', 'garrix803@gmail.com', '臺北市中山區松江路26號', '0939267803', '1980-01-17', 'male', '/img/A0211.jpg'),
(212, '田鑫齊', '2XF34C5d', 'roy6971@gmail.com', '高雄市前鎮區台鋁八巷67號之15', '0968428713', '1970-02-05', 'female', '/img/A0212.jpg'),
(213, '黃子琦', 'N787W4XA', 'mullally7818@outlook.com', '新竹縣寶山鄉雙豐路29號', '0960809983', '1983-04-09', 'female', '/img/A0213.jpg'),
(214, '林吉飛', '7K49rzSA', 'marilyn1128@outlook.com', '高雄市仁武區八德南路70號2樓', '0952175836', '2008-08-03', 'female', '/img/A0214.jpg'),
(215, '唐偉遙', '567KVE85', 'phillips6402@yahoo.com', '屏東縣泰武鄉潭北巷87號12樓', '0938546085', '1999-02-08', 'male', '/img/A0215.jpg'),
(216, '黃潤福', 's76TB7ZN', 'shayla4721@hotmail.com', '新北市汐止區忠孝東路35號', '0988081570', '1982-11-24', 'female', '/img/A0216.jpg'),
(217, '陳冠超', '3mDV6Xmr', 'evan8206@gmail.com', '桃園市大園區中山北路29號', '0963125809', '2014-07-08', 'male', '/img/A0217.jpg'),
(218, '鍾克汝', 'zeU3W6WM', 'nadia5581@hotmail.com', '高雄市鳳山區復華一街84號', '0935567947', '1969-11-11', 'male', '/img/A0218.jpg'),
(219, '郭瀾禹', 'aY9E375J', 'kaylee8547@outlook.com', '高雄市橋頭區成功南路青埔66號', '0955147990', '2019-05-05', 'female', '/img/A0219.jpg'),
(220, '涂儀梓', 'pr9u2eyz', 'kieran8406@gmail.com', '嘉義縣大林鎮忠孝路88號之12', '0925476648', '1980-03-02', 'male', '/img/A0220.jpg'),
(221, '黃宇飛', '87hcGRhD', 'austin7209@gmail.com', '嘉義市東區世賢路４段20號7樓', '0913681451', '1989-09-14', 'female', '/img/A0221.jpg'),
(222, '歐中芝', '844xw244', 'lizzie3479@gmail.com', '彰化縣秀水鄉竹圍巷11號9樓', '0987783175', '1991-09-05', 'female', '/img/A0222.jpg'),
(223, '林家鑫', '8r6J28dk', 'mckenzie2393@hotmail.com', '基隆市仁愛區仁五路18號', '0923178855', '1969-01-14', 'female', '/img/A0223.jpg'),
(224, '汪謹銘', 'z7pWSM22', 'edward3920@hotmail.com', '臺中市太平區太平路93號', '0919465761', '2003-07-29', 'male', '/img/A0224.jpg'),
(225, '曾晶芷', '9Y9T5e9u', 'harold3396@gmail.com', '屏東縣麟洛鄉中山路國中巷39號', '0935429386', '1999-01-20', 'female', '/img/A0225.jpg'),
(226, '陳肇韋', 'gfNWE2f9', 'morris5450@gmail.com', '屏東縣屏東市崇德一路40號', '0918787579', '1993-05-08', 'female', '/img/A0226.jpg'),
(227, '王筱雲', '9XE7kv69', 'jaime2608@gmail.com', '新北市新店區安業街74號', '0989558336', '2011-04-22', 'female', '/img/A0227.jpg'),
(228, '金業榮', 'Bs2rv89H', 'dinwiddie2505@yahoo.com', '新竹縣竹北市聯發街38號', '0986882718', '2020-03-26', 'female', '/img/A0228.jpg'),
(229, '方明雪', '2U4KU7Eu', 'smith2455@gmail.com', '花蓮縣花蓮市精美路54號3樓', '0933466439', '1964-01-09', 'female', '/img/A0229.jpg'),
(230, '孫源莎', 'GhHMKuBx', 'alexis3604@outlook.com', '花蓮縣吉安鄉慈惠三街13號之15', '0923403764', '1986-01-16', 'female', '/img/A0230.jpg'),
(231, '王乾勝', '9T34Hf6g', 'andrew814@gmail.com', '桃園市平鎮區德育路2段67號8樓', '0912379934', '1968-04-25', 'female', '/img/A0231.jpg'),
(232, '鄧聖靖', 'Jb6ysPB4', 'arnold1427@gmail.com', '屏東縣萬巒鄉三多路3號', '0916675253', '2004-01-24', 'male', '/img/A0232.jpg'),
(233, '許昕琪', 'Ma7Qgf43', 'madeline9049@gmail.com', '臺南市安平區光州六街69號', '0935950049', '1966-08-14', 'female', '/img/A0233.jpg'),
(234, '曹和爾', '6MLkW5GA', 'kenneth1597@gmail.com', '高雄市楠梓區宏毅二路南二巷70號8樓之6', '0922671018', '1976-05-18', 'male', '/img/A0234.jpg'),
(235, '古冉珍', 'c58S9v8X', 'justin7758@hotmail.com', '彰化縣二林鎮太平路2段82號', '0919015806', '2003-04-12', 'female', '/img/A0235.jpg'),
(236, '錢梓汶', 'Y433JE4b', 'sophie5684@outlook.com', '高雄市鼓山區美術南六街47號', '0916472195', '2011-09-20', 'male', '/img/A0236.jpg'),
(237, '余水衞', '7wKU57v7', 'liam8952@hotmail.com', '臺北市中山區林森北路9號', '0921087044', '2014-06-11', 'male', '/img/A0237.jpg'),
(238, '蔡玟瓊', 'rv6aUr42', 'sotomayor5120@yahoo.com', '桃園市中壢區龍岡路３段72號', '0927050677', '1996-12-29', 'male', '/img/A0238.jpg'),
(239, '尤珺辰', 'vS37kaVt', 'erin4443@outlook.com', '彰化縣北斗鎮光仁街36號12樓之13', '0934800398', '1968-08-11', 'female', '/img/A0239.jpg'),
(240, '黃慶璟', '77baWQBJ', 'schuyler2403@gmail.com', '臺中市豐原區豐勢路１段14號', '0932601964', '1971-12-22', 'female', '/img/A0240.jpg'),
(241, '吳業鋒', 'GbYuyA9W', 'richardson7815@gmail.com', '苗栗縣頭份市和平37號', '0988746843', '2020-12-13', 'female', '/img/A0241.jpg'),
(242, '袁也蒨', 'YsQq424a', 'sophie5246@gmail.com', '臺北市大同區延平北路2段52號10樓', '0926207555', '1981-11-05', 'male', '/img/A0242.jpg'),
(243, '李郜霆', 'RXh982Rm', 'aaron5409@gmail.com', '高雄市鳳山區維新路5號3樓', '0953039092', '1968-02-12', 'male', '/img/A0243.jpg'),
(244, '張俊利', '3965k5kV', 'kaylynn272@gmail.com', '高雄市鳳山區中山東路41號', '0921383560', '1978-01-11', 'male', '/img/A0244.jpg'),
(245, '邱琪鑫', '52H9t7ca', 'kiley5605@gmail.com', '新竹縣竹東鎮長春路３段37號之10', '0929465835', '1991-06-27', 'female', '/img/A0245.jpg'),
(246, '曾和鬆', 'Wa924c28', 'jackson6183@hotmail.com', '臺北市中山區北安路32號之13', '0937121402', '1971-10-09', 'female', '/img/A0246.jpg'),
(247, '黃樂陽', 'HTfv2nAN', 'hall2119@gmail.com', '臺中市南屯區新富五街19號', '0971311591', '1960-09-07', 'male', '/img/A0247.jpg'),
(248, '曹凰逞', 'Wcs9X46Z', 'lilly3291@gmail.com', '苗栗縣造橋鄉雙合窩11號', '0952071075', '1995-07-03', 'female', '/img/A0248.jpg'),
(249, '黃新真', 'w756f83h', 'gaddis8959@icloud.com', '彰化縣田尾鄉中山路１段51號', '0988563026', '1981-08-05', 'female', '/img/A0249.jpg'),
(250, '黃浩瑋', 'E36qYH3k', 'wood4227@yahoo.com', '臺中市大甲區福東路49號4樓', '0952247187', '1986-09-19', 'male', '/img/A0250.jpg'),
(251, '林碧莎', 'qt3v4RMX', 'pablo6949@gmail.com', '臺北市內湖區金湖路91號', '0926687206', '1971-12-07', 'male', '/img/A0251.jpg'),
(252, '葉川懋', '7934x4N6', 'benton2566@icloud.com', '臺北市大安區溫州街45號', '0939524610', '1985-04-04', 'female', '/img/A0252.jpg'),
(253, '黃聰鷺', '854qf962', 'leslie6862@outlook.com', '高雄市前金區五福三路32號9樓之10', '0988713867', '1964-03-14', 'male', '/img/A0253.jpg'),
(254, '簡彰瑾', 'nAn63c35', 'mark2467@icloud.com', '高雄市鼓山區篤敬路29號之15', '0935762236', '1979-04-09', 'male', '/img/A0254.jpg'),
(255, '汪毓瓊', 'E9q9qxzT', 'anderson7442@yahoo.com', '高雄市旗津區通山路96號之8', '0939432551', '1979-04-25', 'female', '/img/A0255.jpg'),
(256, '黃旭秉', 'pZxy4z52', 'nicole111@outlook.com', '臺中市北屯區后庄路86號', '0939187128', '1990-03-24', 'female', '/img/A0256.jpg'),
(257, '洪成靖', 'Y998484v', 'gina7975@icloud.com', '臺中市西屯區中清路2段22號', '0913454896', '2018-08-17', 'male', '/img/A0257.jpg'),
(258, '羅世淇', '7fuL6dW2', 'mikaela1447@gmail.com', '南投縣竹山鎮埔頭街49號8樓', '0968170245', '2008-08-23', 'female', '/img/A0258.jpg'),
(259, '劉添語', '29EaN6P4', 'young2749@hotmail.com', '臺中市沙鹿區南陽路4號', '0986267730', '1981-02-17', 'female', '/img/A0259.jpg'),
(260, '盧平洢', '435sAJ88', 'alvin5958@outlook.com', '新北市土城區延壽路82號之3', '0938317903', '1995-07-28', 'male', '/img/A0260.jpg'),
(261, '林潮鑫', 'Fxkuwq29', 'perez4136@gmail.com', '桃園市龜山區下湖88號', '0911214314', '2020-12-14', 'male', '/img/A0261.jpg'),
(262, '鄭峯森', '3335Sb4h', 'gregory7013@gmail.com', '南投縣草屯鎮儒林街87號', '0910199509', '1961-07-20', 'male', '/img/A0262.jpg'),
(263, '謝晨靄', 'dh4xH93G', 'joseph1687@gmail.com', '苗栗縣通霄鎮福興3號之15', '0931994922', '1973-07-26', 'female', '/img/A0263.jpg'),
(264, '余善鑫', 'RPQ9yHPw', 'freud1471@gmail.com', '臺中市西屯區天水東一街34號之20', '0914635891', '1984-10-30', 'female', '/img/A0264.jpg'),
(265, '謝俠運', '7saF2JCC', 'clive196@yahoo.com', '南投縣南投市三和二路46號5樓', '0932971823', '2005-09-22', 'male', '/img/A0265.jpg'),
(266, '陳凰祉', 'KzBqtz5g', 'brooke6330@gmail.com', '臺中市豐原區東陽路豪傑二巷30號', '0922033823', '1992-01-01', 'female', '/img/A0266.jpg'),
(267, '詹奇苑', '96WV78w6', 'flores9472@icloud.com', '高雄市旗山區三民巷52號9樓之11', '0963527094', '1968-03-15', 'male', '/img/A0267.jpg'),
(268, '廖良越', '6p32P9dA', 'young6975@gmail.com', '花蓮縣光復鄉建國路57號12樓之10', '0930205551', '2001-12-08', 'female', '/img/A0268.jpg'),
(269, '劉凰流', 'hf6FCXng', 'ortiz6162@icloud.com', '屏東縣琉球鄉杉板路11號', '0928897591', '1967-02-19', 'female', '/img/A0269.jpg'),
(270, '劉奕梓', '8MY2p2mu', 'dana2753@gmail.com', '臺北市文山區景福街22號8樓', '0930438863', '1986-09-14', 'female', '/img/A0270.jpg'),
(271, '曾功景', '9wSxdu8r', 'kenny7565@gmail.com', '花蓮縣新城鄉新興二街31號之7', '0919684145', '2012-08-15', 'male', '/img/A0271.jpg'),
(272, '薛志術', '6Gf6237c', 'edwards5662@hotmail.com', '臺南市佳里區後庄44號之1', '0939937392', '1997-12-13', 'male', '/img/A0272.jpg'),
(273, '沈千萍', 'frD7GKYy', 'collins9816@gmail.com', '高雄市楠梓區宏毅二路北一巷14號10樓', '0917669445', '1995-01-11', 'female', '/img/A0273.jpg'),
(274, '謝昀黛', '7ZBXtRbw', 'hannah6197@gmail.com', '臺中市清水區光復街46號', '0954071060', '2002-01-22', 'male', '/img/A0274.jpg'),
(275, '程芬金', '54q639bP', 'stella4946@hotmail.com', '宜蘭縣羅東鎮竹義路11號10樓', '0912985295', '1992-04-11', 'female', '/img/A0275.jpg'),
(276, '白也鈺', 'HRA5U5Fs', 'gregory4979@gmail.com', '桃園市八德區豐德二路64號之20', '0917528361', '1997-09-05', 'female', '/img/A0276.jpg'),
(277, '蔣力爾', '4978S26f', 'travis8623@gmail.com', '高雄市仁武區仁心路博愛巷39號5樓之8', '0963356390', '1963-01-30', 'female', '/img/A0277.jpg'),
(278, '許眉靜', 'E8Z64MML', 'dorothy9812@hotmail.com', '雲林縣東勢鄉所前街25號11樓之13', '0988996700', '2019-03-31', 'male', '/img/A0278.jpg'),
(279, '龔一妤', 'vJZS7Se8', 'jeffrey318@gmail.com', '新竹縣竹北市界址69號', '0971605249', '1971-01-17', 'female', '/img/A0279.jpg'),
(280, '姜勁泓', '7W24YS68', 'allen1960@hotmail.com', '臺北市中正區公園路3號', '0930763734', '1987-05-08', 'female', '/img/A0280.jpg'),
(281, '王智連', '7W8p5c5d', 'margaret3020@gmail.com', '新竹市東區興業二路47號5樓', '0918953392', '2015-08-06', 'female', '/img/A0281.jpg'),
(282, '王淳聖', 'zKU3UF28', 'maddux7210@gmail.com', '臺中市南區平順街13號之2', '0911085896', '2018-09-12', 'male', '/img/A0282.jpg'),
(283, '馬勝祉', 'L7Atr2U4', 'eddie3800@yahoo.com', '新北市新店區屈尺路77號之1', '0988283886', '1982-09-14', 'female', '/img/A0283.jpg'),
(284, '藍真艾', '4S3rHks6', 'smith3549@hotmail.com', '彰化縣員林市三潭巷86號', '0956423019', '2002-09-25', 'female', '/img/A0284.jpg'),
(285, '賴欽羣', 'k479398x', 'nguyen4568@gmail.com', '宜蘭縣礁溪鄉仁愛路40號', '0987331090', '1965-08-24', 'female', '/img/A0285.jpg'),
(286, '梁林衞', '24yJBH75', 'mckenzie9839@gmail.com', '新北市中和區光環路2段19號2樓之14', '0912644150', '1993-09-15', 'female', '/img/A0286.jpg'),
(287, '紀全嬌', '86vYuyB7', 'brown5269@hotmail.com', '雲林縣莿桐鄉東興41號10樓', '0932266737', '2000-11-13', 'male', '/img/A0287.jpg'),
(288, '林夢莎', 'SnMme5p2', 'shelley4869@gmail.com', '屏東縣崁頂鄉平和南路48號6樓', '0926961918', '2009-03-18', 'male', '/img/A0288.jpg'),
(289, '李記韻', 'Bu6mTK2y', 'aidan7902@outlook.com', '臺中市神岡區圳岸路49號', '0952662398', '1963-05-10', 'male', '/img/A0289.jpg'),
(290, '吳潮邦', 'emSLw8c3', 'jefferson6515@gmail.com', '臺北市中山區撫順街1號', '0917400794', '1967-11-16', 'female', '/img/A0290.jpg'),
(291, '林婷嫣', '3cR626n9', 'everett2711@gmail.com', '嘉義縣大林鎮三角40號', '0918150131', '2016-10-21', 'male', '/img/A0291.jpg'),
(292, '杜煒融', '4wNK2R46', 'banks2486@gmail.com', '高雄市橋頭區里林東路明德南巷49號3樓', '0968321470', '1989-10-06', 'male', '/img/A0292.jpg'),
(293, '魏熹苡', '49RCC4N4', 'green2346@gmail.com', '高雄市仁武區文學西街71號', '0989192049', '2017-12-18', 'female', '/img/A0293.jpg'),
(294, '陳眾韜', 'PKGL48aC', 'coombs1481@gmail.com', '屏東縣屏東市高豐街69號', '0953887650', '1974-04-19', 'female', '/img/A0294.jpg'),
(295, '蔡以儀', 'tZ8Q43vM', 'blake6585@gmail.com', '臺中市沙鹿區南陽路三角巷26號', '0937264412', '1966-01-15', 'male', '/img/A0295.jpg'),
(296, '魏妤甯', '9N96VQzv', 'mantle1170@hotmail.com', '彰化縣埤頭鄉埤周路11號10樓', '0916567621', '2017-04-27', 'female', '/img/A0296.jpg'),
(297, '鐘棋澍', 'sAhV6Ye9', 'trenton3050@gmail.com', '臺中市西屯區市政路43號', '0918815259', '2017-07-12', 'male', '/img/A0297.jpg'),
(298, '石卓嘉', 'sH7NL3ra', 'isabel3058@gmail.com', '臺南市新化區大智路67號12樓', '0931189600', '1984-01-11', 'female', '/img/A0298.jpg'),
(299, '余冉雁', 'mJcX4NMz', 'monique7415@gmail.com', '苗栗縣頭份市尚順路35號', '0917903635', '1977-12-05', 'male', '/img/A0299.jpg'),
(300, '洪萬雙', '2G6e756A', 'glenn9208@gmail.com', '臺南市永康區大橋一街5號之12', '0987170996', '1975-11-25', 'male', '/img/A0300.jpg'),
(301, '鐘宇霆', '7wmDq3g4', 'maddux4145@icloud.com', '桃園市桃園區保羅街32號6樓', '0938753226', '1995-07-01', 'female', '/img/A0301.jpg'),
(302, '卓業樸', 'YdQVHa6R', 'martinez9111@gmail.com', '桃園市蘆竹區南崁路2段73號7樓', '0953646446', '2007-04-14', 'female', '/img/A0302.jpg'),
(303, '江甯秋', '5NC8PrfG', 'hotz6849@yahoo.com', '新北市泰山區仁義路70號2樓', '0911905434', '2003-07-28', 'male', '/img/A0303.jpg'),
(304, '郭光川', 'C2qCWsBw', 'culver8151@icloud.com', '新北市汐止區招商街76號8樓', '0937228903', '2006-08-24', 'female', '/img/A0304.jpg'),
(305, '童嫻華', '6m658Ca7', 'swift2520@yahoo.com', '臺中市神岡區文化街16號6樓之17', '0910194930', '2006-03-05', 'female', '/img/A0305.jpg'),
(306, '蔡江融', 'P4J54pZK', 'margaret4557@gmail.com', '屏東縣萬丹鄉廣志街64號', '0955121322', '2006-09-19', 'female', '/img/A0306.jpg'),
(307, '張以鷺', 'k3545fw7', 'diane4292@yahoo.com', '臺中市西屯區福星北路70號', '0922600908', '2014-07-24', 'female', '/img/A0307.jpg'),
(308, '丁瑤蒨', '853rpFE3', 'gavin3637@hotmail.com', '宜蘭縣冬山鄉福興東路21號', '0939987300', '2020-05-18', 'male', '/img/A0308.jpg'),
(309, '程召妍', '8ar9495n', 'larry2169@hotmail.com', '桃園市新屋區赤牛欄40號', '0968565447', '2007-02-25', 'male', '/img/A0309.jpg'),
(310, '陳彥懷', 'xpY4f29K', 'britton3065@gmail.com', '高雄市鳳山區黃埔二村東四巷77號之1', '0988728893', '2017-04-30', 'female', '/img/A0310.jpg'),
(311, '李澍鋅', 'bg7D742Z', 'marie9157@gmail.com', '桃園市龜山區龍泉街44號6樓之20', '0913122061', '2015-12-01', 'male', '/img/A0311.jpg'),
(312, '湯肇靜', 'YDf9qg3u', 'james2117@gmail.com', '臺南市南區德興路22號', '0972000827', '1972-10-04', 'male', '/img/A0312.jpg'),
(313, '涂儀夕', 'EJax9yP8', 'sheldon1602@gmail.com', '臺南市麻豆區中華街83號9樓', '0912096243', '1994-02-18', 'female', '/img/A0313.jpg'),
(314, '邵依舒', '472sB55V', 'merritt392@gmail.com', '臺北市大安區臥龍街25號12樓之10', '0956599058', '1970-02-24', 'male', '/img/A0314.jpg'),
(315, '袁純露', '9p8247F9', 'hammer2179@outlook.com', '高雄市前鎮區黃埔街52號', '0926094595', '1965-12-14', 'female', '/img/A0315.jpg'),
(316, '劉澍逸', 'cAu692AH', 'brooks9656@gmail.com', '新竹縣湖口鄉長春路84號9樓', '0928969854', '1990-02-07', 'female', '/img/A0316.jpg'),
(317, '劉樺秀', '34u5N9T6', 'eliana1263@outlook.com', '彰化縣埔心鄉經口路30號', '0972197882', '1968-10-07', 'male', '/img/A0317.jpg'),
(318, '劉方瑄', '2As2Rb3x', 'izabella236@gmail.com', '彰化縣伸港鄉東全路84號11樓', '0922299112', '1987-05-24', 'female', '/img/A0318.jpg'),
(319, '黎晟陽', 'Bp944qe2', 'gaddis7591@outlook.com', '新北市三重區碧華街74號', '0921969475', '1992-05-03', 'female', '/img/A0319.jpg'),
(320, '張濤萬', 'HLR499CP', 'mulligan6418@gmail.com', '臺北市北投區關渡路28號', '0953672673', '2014-04-19', 'male', '/img/A0320.jpg'),
(321, '王慶穎', 'Py37546R', 'flores5394@yahoo.com', '嘉義市西區大貴路78號12樓', '0936631689', '1989-02-01', 'male', '/img/A0321.jpg'),
(322, '范木祟', 'Z3sF4gwJ', 'michaels719@gmail.com', '高雄市三民區鼎金一巷71號', '0915339385', '1967-03-08', 'male', '/img/A0322.jpg'),
(323, '李善樹', '42nGDs3F', 'brown1551@outlook.com', '臺中市北區三民路３段36號6樓', '0939146883', '1975-04-22', 'female', '/img/A0323.jpg'),
(324, '許春泉', 'tL8SUTe7', 'gonzales7579@outlook.com', '新北市中和區錦和路67號', '0970570786', '1963-06-19', 'female', '/img/A0324.jpg'),
(325, '林折良', '2M6733Gt', 'eleana3499@hotmail.com', '雲林縣虎尾鎮民主十路44號', '0929185772', '1984-09-28', 'male', '/img/A0325.jpg'),
(326, '吳強樂', '654qE9Tu', 'garrett7987@gmail.com', '高雄市岡山區前峰路80號7樓之16', '0912674681', '1960-10-29', 'male', '/img/A0326.jpg'),
(327, '劉彌羽', 'n7rW2A3y', 'harold2094@gmail.com', '高雄市鳳山區南正二路50號6樓之10', '0924693232', '1994-05-03', 'female', '/img/A0327.jpg'),
(328, '郭意政', '4r33WUnF', 'maria3775@gmail.com', '臺中市大安區五甲北路40號', '0956647457', '2017-12-08', 'female', '/img/A0328.jpg'),
(329, '胡彤衞', '87eZ6GWq', 'ramos9081@gmail.com', '屏東縣潮州鎮和睦街46號', '0982796676', '2008-05-15', 'female', '/img/A0329.jpg'),
(330, '詹泓瑄', '6Xdv938t', 'isabelle3232@yahoo.com', '屏東縣潮州鎮曲振路36號', '0919375241', '1998-02-01', 'male', '/img/A0330.jpg'),
(331, '王勁強', 'W7JBh9W9', 'bruce2846@hotmail.com', '臺北市信義區嘉興街15號之7', '0932525722', '2019-01-16', 'female', '/img/A0331.jpg'),
(332, '徐品育', '47x2u4yK', 'trent4135@gmail.com', '臺東縣臺東市五權街54號4樓之11', '0923684240', '1960-01-17', 'male', '/img/A0332.jpg'),
(333, '賴嫻鈺', '98cF48eS', 'reed8218@gmail.com', '彰化縣花壇鄉中正路28號之14', '0935762135', '1990-07-21', 'male', '/img/A0333.jpg'),
(334, '劉羚飛', 'QxKUa5zk', 'thomas688@gmail.com', '花蓮縣吉安鄉南海二街47號', '0917984849', '2016-06-30', 'male', '/img/A0334.jpg'),
(335, '古舟豐', '8zysS2AY', 'raphael985@hotmail.com', '彰化縣二林鎮路東巷22號6樓', '0938063268', '1985-10-09', 'male', '/img/A0335.jpg'),
(336, '洪漩琳', '8ep73mf8', 'pitcher8871@gmail.com', '宜蘭縣員山鄉成功二路63號12樓', '0958055747', '2001-11-21', 'female', '/img/A0336.jpg'),
(337, '李力瑜', 'MS53d47A', 'peretti6250@icloud.com', '新北市新莊區中正路新建巷39號', '0939854528', '1986-12-14', 'male', '/img/A0337.jpg'),
(338, '董南柯', '8kg827GP', 'george2680@icloud.com', '南投縣竹山鎮德興巷80號4樓', '0915800168', '2004-03-17', 'male', '/img/A0338.jpg'),
(339, '賴利彌', 'EKMA66qu', 'jackson8936@yahoo.com', '屏東縣屏東市重光巷33號', '0972934849', '1992-03-14', 'male', '/img/A0339.jpg'),
(340, '韓寶承', 'KA2S4e9e', 'bell9979@gmail.com', '新北市新店區小坑三路69號12樓', '0930427283', '2008-06-06', 'male', '/img/A0340.jpg'),
(341, '蕭晨瑋', '654286H6', 'wright2325@gmail.com', '高雄市彌陀區舊港橫路魚塭10號', '0928370230', '1995-10-06', 'female', '/img/A0341.jpg'),
(342, '莊呈瑋', '238hY3z9', 'harris7202@gmail.com', '臺東縣卑南鄉十股8號', '0927204730', '1996-02-11', 'male', '/img/A0342.jpg'),
(343, '馮木蓁', 'tA77y342', 'sebastian9457@gmail.com', '彰化縣員林市南昌路52號', '0918952386', '1995-12-07', 'female', '/img/A0343.jpg'),
(344, '許婉媛', 'bSdK3S28', 'chantel7300@yahoo.com', '高雄市仁武區文南一街87號11樓之6', '0963485576', '1981-10-15', 'male', '/img/A0344.jpg'),
(345, '邱偲新', 'eaYB9995', 'quinn7770@hotmail.com', '新竹縣湖口鄉興華街83號', '0958504860', '1984-03-16', 'male', '/img/A0345.jpg'),
(346, '黃禹聖', '587S9XNF', 'kiley348@hotmail.com', '桃園市中壢區仁愛路23號', '0917601423', '1961-11-01', 'male', '/img/A0346.jpg'),
(347, '劉叡樸', '92U3g86x', 'evan2870@gmail.com', '澎湖縣馬公市西文澳75號', '0911806064', '1964-10-05', 'female', '/img/A0347.jpg'),
(348, '張芪賢', '9Cz6q8QV', 'coombs7522@icloud.com', '臺南市新營區挖仔7號', '0968188992', '2009-04-03', 'male', '/img/A0348.jpg'),
(349, '顏劉超', 'Xs4t896X', 'dan2013@outlook.com', '屏東縣屏東市園西街22號', '0989902382', '1966-11-12', 'male', '/img/A0349.jpg'),
(350, '陸夏安', '76v35895', 'sigrid7290@gmail.com', '嘉義市東區水源地37號4樓', '0919060838', '1966-04-24', 'female', '/img/A0350.jpg'),
(351, '李剛夫', 'K6qsWvT8', 'gavin1761@gmail.com', '雲林縣虎尾鎮忠孝路54號7樓', '0963165855', '1971-06-03', 'male', '/img/A0351.jpg'),
(352, '洪怡捷', 'x4WXZ9k7', 'scott5921@gmail.com', '雲林縣麥寮鄉光復南路33號', '0915708702', '1983-03-03', 'male', '/img/A0352.jpg'),
(353, '林來彬', '4S2BwKre', 'hampden2019@hotmail.com', '臺南市北區長榮路４段48號4樓之14', '0972562342', '1984-05-24', 'male', '/img/A0353.jpg'),
(354, '廖夏汝', 'Z6xCSt35', 'velazquez2413@yahoo.com', '花蓮縣瑞穗鄉中正南路３段90號', '0986512351', '1962-07-11', 'female', '/img/A0354.jpg'),
(355, '陳沐辰', 'Cwvn6EAS', 'ann1432@gmail.com', '嘉義市西區湖美二路65號', '0910127816', '1963-07-02', 'female', '/img/A0355.jpg'),
(356, '呂千鋭', 'R92XxA3u', 'jaden3675@gmail.com', '高雄市三民區遼北街19號', '0924911326', '2008-10-10', 'male', '/img/A0356.jpg'),
(357, '范堇知', 'dY6YK4MS', 'peretti170@gmail.com', '苗栗縣苗栗市英才路74號', '0933517912', '1990-04-07', 'male', '/img/A0357.jpg'),
(358, '陸園影', '45u4z6B3', 'allen6258@outlook.com', '彰化縣芳苑鄉新上路54號', '0968592936', '1966-08-31', 'female', '/img/A0358.jpg'),
(359, '林姝英', 'g53pS94Q', 'eliana6047@gmail.com', '雲林縣北港鎮文化路67號2樓', '0971894082', '1998-04-30', 'female', '/img/A0359.jpg'),
(360, '汪勝淼', '2E9545Pe', 'stenson8407@gmail.com', '桃園市楊梅區幼五路38號5樓', '0919471190', '1969-05-27', 'male', '/img/A0360.jpg'),
(361, '蘇元樂', 'GUK28k42', 'teller6201@gmail.com', '新北市貢寮區內隆林街99號', '0961593706', '2018-09-04', 'female', '/img/A0361.jpg'),
(362, '陳璐緹', 'RzZmK347', 'brookes3078@gmail.com', '宜蘭縣蘇澳鎮信義路53號', '0915967284', '1971-10-06', 'male', '/img/A0362.jpg'),
(363, '吳品棟', 'Y33676y3', 'blackwood5591@gmail.com', '臺東縣長濱鄉八桑安5號8樓之14', '0972981287', '1973-06-23', 'male', '/img/A0363.jpg'),
(364, '呂寧書', 'pr57Z8s2', 'blaine568@gmail.com', '新北市新莊區榮華路2段50號5樓', '0933327673', '2005-12-17', 'female', '/img/A0364.jpg'),
(365, '阮泛齊', 'q8Fy6H8t', 'theresa8586@gmail.com', '桃園市桃園區復興路85號', '0912597058', '1968-05-04', 'female', '/img/A0365.jpg'),
(366, '李昊羣', 'KByg69Jt', 'joe8027@outlook.com', '臺中市沙鹿區中山路金星二巷73號', '0956689299', '1988-01-28', 'male', '/img/A0366.jpg'),
(367, '李于鬆', '65Er6yvn', 'price1298@gmail.com', '臺中市北屯區崇德七路13號', '0926845446', '2008-05-24', 'male', '/img/A0367.jpg'),
(368, '陳樹韶', '6944t8L3', 'gilbert7450@hotmail.com', '新竹市東區武昌街32號之20', '0930974095', '1981-08-10', 'male', '/img/A0368.jpg'),
(369, '張藻鑫', '3CyAFK2L', 'giles7979@gmail.com', '桃園市平鎮區居易四區77號之8', '0923219803', '1976-01-04', 'female', '/img/A0369.jpg'),
(370, '張世威', 'kEUZcL4h', 'king6731@gmail.com', '彰化縣溪州鄉劉厝巷48號10樓', '0935478037', '1993-12-25', 'female', '/img/A0370.jpg'),
(371, '朱園芯', 'T825u8za', 'thomas9502@outlook.com', '雲林縣元長鄉四股39號10樓之11', '0929337108', '1995-11-17', 'male', '/img/A0371.jpg'),
(372, '林斯鈞', 'ms7gGh6T', 'kevin3053@yahoo.com', '嘉義市西區新榮路39號之17', '0952175809', '2018-01-26', 'male', '/img/A0372.jpg'),
(373, '高勳晉', 'e967aWS8', 'danny1120@yahoo.com', '臺南市東區文化二街55號', '0960527274', '1999-04-22', 'male', '/img/A0373.jpg'),
(374, '古利宣', 'Ber27Ze5', 'margolyes3387@gmail.com', '雲林縣四湖鄉美山街21號', '0970336809', '2016-11-12', 'female', '/img/A0374.jpg'),
(375, '林威理', '458w8H88', 'trent5709@yahoo.com', '新北市板橋區懷仁街79號', '0970468434', '2009-03-01', 'male', '/img/A0375.jpg'),
(376, '王叢雪', 'BZ86Dwfg', 'wood8534@gmail.com', '花蓮縣新城鄉新興二街43號11樓', '0915854021', '1974-07-02', 'male', '/img/A0376.jpg'),
(377, '余彥眾', '425uSUQ7', 'thompson2813@yahoo.com', '新北市三重區神農街28號之20', '0953762153', '2003-04-25', 'male', '/img/A0377.jpg'),
(378, '吳吉捷', '6S23Zt74', 'bieber8220@gmail.com', '屏東縣東港鎮頂新街66號', '0920863728', '1960-03-29', 'male', '/img/A0378.jpg'),
(379, '江歆雙', 'X48Fe5uh', 'alvin5620@hotmail.com', '臺中市西區博館路84號之8', '0918002167', '1991-12-08', 'female', '/img/A0379.jpg'),
(380, '陳叡語', 'u2g34nSy', 'kathryn9848@gmail.com', '嘉義縣大林鎮麻園寮43號11樓之7', '0916827744', '1976-10-14', 'male', '/img/A0380.jpg'),
(381, '紀可泛', 'q36qH76a', 'hayden9294@gmail.com', '嘉義縣太保市棒球一街34號', '0958261974', '1991-12-16', 'female', '/img/A0381.jpg'),
(382, '何思育', 'vJ5G928Z', 'raymond2244@gmail.com', '嘉義市西區埤子頭80號', '0939933509', '2017-01-13', 'male', '/img/A0382.jpg'),
(383, '藍華蒨', 'X7gksYn7', 'harrison4974@hotmail.com', '臺東縣金峰鄉嘉蘭60號', '0961472354', '1992-06-26', 'female', '/img/A0383.jpg'),
(384, '陳淳鳳', '5H6C444A', 'miranda1034@hotmail.com', '臺中市清水區文昌街41號', '0958048720', '1967-03-24', 'female', '/img/A0384.jpg'),
(385, '沈崇川', 'H9fMe7kS', 'clark5827@gmail.com', '宜蘭縣宜蘭市延平一路39號之13', '0922499899', '1988-12-03', 'female', '/img/A0385.jpg'),
(386, '洪夕韻', 'R349rJ53', 'connie4442@yahoo.com', '新竹縣湖口鄉長青路12號2樓', '0923821464', '2013-11-16', 'female', '/img/A0386.jpg'),
(387, '董天琪', 'q767Uz23', 'dan7931@gmail.com', '新竹縣芎林鄉福昌街50號', '0934743111', '1993-02-19', 'female', '/img/A0387.jpg'),
(388, '吳棋瀟', 'R6U9hq4W', 'franco1918@hotmail.com', '嘉義縣番路鄉岩仔後89號', '0918035059', '1961-04-26', 'male', '/img/A0388.jpg'),
(389, '洪坤浚', 'emZgP935', 'eduardo1928@yahoo.com', '臺中市潭子區潭豐路2段65號', '0931215324', '2001-08-06', 'male', '/img/A0389.jpg'),
(390, '劉山靖', '46r84S8X', 'nolan6707@hotmail.com', '花蓮縣豐濱鄉豐富98號8樓', '0953619001', '1999-09-26', 'male', '/img/A0390.jpg'),
(391, '童宣禹', 'np2CFAW8', 'campbell5957@gmail.com', '臺中市龍井區中山中路１段91號', '0932883497', '1998-09-18', 'male', '/img/A0391.jpg'),
(392, '張可品', 'WFs923bL', 'garrix2672@gmail.com', '彰化縣彰化市田中路48號', '0954963895', '1995-04-02', 'male', '/img/A0392.jpg'),
(393, '蔡寧慈', '456p3vXv', 'longoria9094@gmail.com', '屏東縣恆春鎮虎頭路39號', '0968021141', '1972-01-02', 'female', '/img/A0393.jpg'),
(394, '林堇星', '5hy92954', 'daxton2135@yahoo.com', '嘉義市西區大富西街70號5樓', '0989404655', '2001-04-22', 'female', '/img/A0394.jpg'),
(395, '范月齊', '446KdBBf', 'britton3762@hotmail.com', '彰化縣伸港鄉埤墘一路83號', '0934466936', '1964-08-30', 'female', '/img/A0395.jpg'),
(396, '侯夕珍', '4sAGLdL6', 'kennedy6376@outlook.com', '新北市金山區中信北路4號', '0910719939', '1985-01-28', 'male', '/img/A0396.jpg'),
(397, '郭偉韶', 'rX4492FN', 'keith3703@gmail.com', '高雄市小港區鴻星二路83號', '0986831928', '1992-04-10', 'female', '/img/A0397.jpg'),
(398, '劉修易', '6KR2na37', 'george2428@gmail.com', '新竹縣湖口鄉實踐路71號之15', '0914184679', '1990-07-19', 'female', '/img/A0398.jpg'),
(399, '吳慈昱', 'exf6XQ38', 'nicole6172@gmail.com', '臺南市安平區文平路79號2樓', '0931822248', '1967-11-26', 'female', '/img/A0399.jpg'),
(400, '林勛澤', '4gVmG956', 'thomas2737@hotmail.com', '花蓮縣玉里鎮城西五街4號', '0971464404', '1993-09-17', 'male', '/img/A0400.jpg'),
(401, '張浩鬆', 'Va755kky', 'margaret4713@gmail.com', '花蓮縣吉安鄉自強路自強巷65號2樓之16', '0936210255', '1998-10-10', 'female', '/img/A0401.jpg'),
(402, '董濤芳', '9XWn5AcT', 'patel8717@yahoo.com', '臺北市大安區羅斯福路2段5號', '0925714535', '1991-05-20', 'male', '/img/A0402.jpg'),
(403, '汪安漢', '5c5FPmgX', 'castillo5138@gmail.com', '桃園市桃園區天祥二街43號', '0929332250', '1992-01-05', 'female', '/img/A0403.jpg'),
(404, '涂宸旭', '9X7LWxLC', 'carson6085@yahoo.com', '雲林縣口湖鄉東安路60號4樓', '0936178938', '2014-08-31', 'female', '/img/A0404.jpg'),
(405, '余影樂', '79nBpuf3', 'mallette4512@yahoo.com', '雲林縣崙背鄉福興25號', '0921026699', '1992-10-13', 'male', '/img/A0405.jpg'),
(406, '邱嬋瑞', 'X226hCpT', 'riperton4963@gmail.com', '桃園市八德區瑞發街30號之8', '0929782931', '1999-01-16', 'female', '/img/A0406.jpg'),
(407, '田秀霞', '77yu6Q5a', 'lyn9707@hotmail.com', '高雄市鳳山區東福街35號', '0937617166', '1976-10-08', 'female', '/img/A0407.jpg'),
(408, '王東蓁', 'BJ2e9E5R', 'briana6774@yahoo.com', '臺南市白河區三民路7號', '0933452311', '2002-11-08', 'male', '/img/A0408.jpg'),
(409, '李惠洢', 'paD5y5Pv', 'sotomayor7798@gmail.com', '臺北市大同區通河西街１段80號之10', '0925024486', '1963-07-31', 'female', '/img/A0409.jpg'),
(410, '賴宸琉', '958mCm8S', 'luke5659@outlook.com', '宜蘭縣三星鄉集慶二路97號', '0913354765', '2019-11-22', 'female', '/img/A0410.jpg'),
(411, '李文萬', 't47s3ER8', 'millie9244@gmail.com', '苗栗縣造橋鄉長安新村91號9樓', '0961822283', '1970-09-03', 'female', '/img/A0411.jpg');
INSERT INTO `user_data` (`user_id`, `user_name`, `password`, `email`, `user_address`, `phone`, `birthday`, `gender`, `avatar`) VALUES
(412, '江塵鳴', '9hrwtbQM', 'caitlin537@gmail.com', '新北市汐止區保一街38號10樓之5', '0930891400', '1970-10-29', 'male', '/img/A0412.jpg'),
(413, '林歌沐', 'UvLdYPW2', 'taft5958@gmail.com', '臺中市太平區宜昌路11號', '0989285400', '1976-10-24', 'female', '/img/A0413.jpg'),
(414, '潘來彬', 'ZSC5fE8e', 'miller3852@yahoo.com', '新北市中和區民安街95號', '0963652789', '1987-09-13', 'female', '/img/A0414.jpg'),
(415, '蔡叢歌', '59932auf', 'joshua8403@gmail.com', '花蓮縣新城鄉七星街61號6樓', '0952335522', '1985-02-22', 'male', '/img/A0415.jpg'),
(416, '彭妮漢', 'f7Uy3cA8', 'bates6885@gmail.com', '桃園市桃園區三和街100號5樓', '0914333957', '1961-03-14', 'male', '/img/A0416.jpg'),
(417, '阮心瑞', '9buRQ8Pm', 'morris5599@gmail.com', '新竹市東區金山八街97號9樓', '0937059781', '1968-01-26', 'male', '/img/A0417.jpg'),
(418, '張潮瞻', '76U7v4W9', 'whittaker8606@yahoo.com', '屏東縣屏東市公正街85號', '0912640993', '1985-10-04', 'male', '/img/A0418.jpg'),
(419, '洪建聖', 'q3z6zQ26', 'lannister6559@icloud.com', '彰化縣和美鎮南陵路91號', '0912056776', '1973-10-03', 'female', '/img/A0419.jpg'),
(420, '葉佳宸', '9Y3b2MQ9', 'parker2155@yahoo.com', '屏東縣佳冬鄉忠信巷88號', '0952845922', '2006-06-05', 'male', '/img/A0420.jpg'),
(421, '阮千旻', '6M5MvF44', 'dwight8224@gmail.com', '高雄市前鎮區凱旋四路71號', '0933656245', '1998-10-31', 'male', '/img/A0421.jpg'),
(422, '蔡全嫻', '8247M2yT', 'henson767@gmail.com', '彰化縣二林鎮平和街31號12樓', '0930558536', '2010-04-23', 'female', '/img/A0422.jpg'),
(423, '謝弘維', 't6r63985', 'keith9022@hotmail.com', '南投縣仁愛鄉山林巷69號12樓之13', '0915918227', '1990-11-20', 'female', '/img/A0423.jpg'),
(424, '周心連', 'S4G5995c', 'bell1480@yahoo.com', '臺南市安南區台江大道５段4號6樓之16', '0914065757', '1995-09-22', 'female', '/img/A0424.jpg'),
(425, '李才樂', 'qu9g82E3', 'chris3162@yahoo.com', '新北市新莊區瓊林北路9號', '0929511690', '1972-09-20', 'male', '/img/A0425.jpg'),
(426, '姜儀茜', 'K4mBw537', 'sophia953@outlook.com', '新北市板橋區大東街96號之4', '0914473351', '1981-01-03', 'female', '/img/A0426.jpg'),
(427, '董天強', 'meeBKk4Z', 'johnson6362@yahoo.com', '臺中市西屯區工業區四十一路49號', '0935696450', '2002-11-06', 'male', '/img/A0427.jpg'),
(428, '郭芷韋', '8Kz659g2', 'rupert5157@gmail.com', '高雄市鳳山區工協街94號8樓', '0958369286', '1976-04-07', 'male', '/img/A0428.jpg'),
(429, '謝宗平', 'y32JVzhf', 'brooks3751@gmail.com', '新北市泰山區仁義路76號', '0935787461', '2002-12-29', 'female', '/img/A0429.jpg'),
(430, '傅承雄', '7EacD3F2', 'percy8600@icloud.com', '臺中市南區樹義二巷18號6樓之15', '0938553229', '2011-06-24', 'male', '/img/A0430.jpg'),
(431, '蔣喧婷', '2W623T4h', 'freud7419@hotmail.com', '高雄市燕巢區海成東街85號之16', '0928297814', '1986-04-22', 'female', '/img/A0431.jpg'),
(432, '侯帆淼', 'Z6zU5qGR', 'deborah821@gmail.com', '高雄市美濃區下九寮49號', '0937093184', '2019-04-17', 'female', '/img/A0432.jpg'),
(433, '古媗旻', '6Ue86qG2', 'taft1144@yahoo.com', '苗栗縣西湖鄉箭竹坑29號', '0924203314', '1970-06-15', 'female', '/img/A0433.jpg'),
(434, '許羽龍', '3D224QYq', 'katherine7463@gmail.com', '屏東縣屏東市治平巷90號', '0956353588', '1971-10-13', 'male', '/img/A0434.jpg'),
(435, '彭沐鳳', 'yXP2qFJp', 'hillary4112@gmail.com', '桃園市蘆竹區東溪路7號', '0935873121', '1989-02-14', 'female', '/img/A0435.jpg'),
(436, '黃易瑾', 'GUH288cN', 'dorian3699@hotmail.com', '臺南市安南區海東七街78號之2', '0926168030', '2008-11-11', 'female', '/img/A0436.jpg'),
(437, '曾微珮', 'ZKPwyXcH', 'kenny9547@gmail.com', '臺北市松山區南京東路３段57號之14', '0935851344', '2020-05-07', 'female', '/img/A0437.jpg'),
(438, '陳得港', '3tXa9bRK', 'guerrero8648@gmail.com', '臺南市北區北忠街88號之15', '0932404820', '2008-05-27', 'female', '/img/A0438.jpg'),
(439, '楊容軒', '2K9Z234C', 'bates4757@gmail.com', '臺東縣臺東市仁八街22號', '0929478088', '1994-09-10', 'female', '/img/A0439.jpg'),
(440, '馬益秀', 'XT5s62ZS', 'green4983@outlook.com', '桃園市觀音區二聖路52號之2', '0935588848', '2012-06-09', 'female', '/img/A0440.jpg'),
(441, '葉悦齊', '28963G5T', 'kennedy598@gmail.com', '南投縣草屯鎮敦和路新和巷12號', '0970157111', '2000-05-17', 'female', '/img/A0441.jpg'),
(442, '廖嫣鬱', 'Xp83V79r', 'keith512@gmail.com', '宜蘭縣蘇澳鎮志成路26號', '0954438998', '2005-02-03', 'male', '/img/A0442.jpg'),
(443, '黃平康', '576Wvp77', 'jordan6527@yahoo.com', '桃園市桃園區永安路72號之17', '0935280734', '1999-06-30', 'female', '/img/A0443.jpg'),
(444, '蔡業貴', 'q79cE275', 'burton9318@gmail.com', '新竹縣湖口鄉德和路15號11樓', '0955129213', '1960-04-01', 'male', '/img/A0444.jpg'),
(445, '林峻智', '6ST5WJ62', 'mason8820@gmail.com', '彰化縣彰化市彰美路１段57號之11', '0982449006', '1970-10-12', 'female', '/img/A0445.jpg'),
(446, '李濤霞', '5yZC64cE', 'gina2264@gmail.com', '嘉義縣民雄鄉忠義街54號', '0918987558', '1970-07-27', 'male', '/img/A0446.jpg'),
(447, '陳泓靖', '25WUAn2X', 'danielle495@gmail.com', '臺北市信義區忠孝東路５段4號3樓', '0936767739', '1967-11-06', 'male', '/img/A0447.jpg'),
(448, '林源瑤', '8696768w', 'trenton7484@gmail.com', '桃園市大園區水源路48號6樓', '0989231960', '2020-08-21', 'male', '/img/A0448.jpg'),
(449, '楊庸鈞', 'tU69E9QN', 'surname4300@yahoo.com', '臺中市沙鹿區天仁南街64號', '0987892305', '2016-03-25', 'female', '/img/A0449.jpg'),
(450, '歐浩育', '34gh47Dt', 'christensen5749@gmail.com', '臺中市西區自治街14號7樓', '0932940539', '1963-03-17', 'female', '/img/A0450.jpg'),
(451, '江福馨', '3P67FB8e', 'bryan7124@gmail.com', '高雄市鼓山區青峰街30號2樓', '0923647106', '1998-04-03', 'female', '/img/A0451.jpg'),
(452, '蔣妮宸', 'J64Sg868', 'emily1892@gmail.com', '臺南市仁德區長興四街46號', '0960440693', '1964-10-12', 'male', '/img/A0452.jpg'),
(453, '姚志捷', '2eSswN6y', 'lannister7832@gmail.com', '臺南市仁德區崑崙路12號', '0939042208', '1987-05-12', 'male', '/img/A0453.jpg'),
(454, '黃影益', 'R72E9Ltz', 'vicky9817@gmail.com', '雲林縣虎尾鎮六十甲路43號12樓', '0911123281', '2000-11-15', 'male', '/img/A0454.jpg'),
(455, '葉肇靈', 'LhTS29M8', 'gilbert9743@gmail.com', '臺中市西屯區大有五街72號', '0954108923', '2020-10-20', 'female', '/img/A0455.jpg'),
(456, '尤文淼', '2eg8H682', 'erin7091@yahoo.com', '臺北市中正區大埔街51號', '0936300977', '1992-06-26', 'female', '/img/A0456.jpg'),
(457, '邱安謙', 'CftT3VAP', 'nancy5993@hotmail.com', '臺東縣長濱鄉水母丁98號', '0927621586', '2004-07-10', 'male', '/img/A0457.jpg'),
(458, '蘇姝宥', '4SZ8zv27', 'jalen6875@gmail.com', '桃園市桃園區經國路23號之16', '0936027924', '1998-01-12', 'female', '/img/A0458.jpg'),
(459, '李夕翊', '64YsZPxa', 'charlotte9238@yahoo.com', '嘉義市西區友忠路64號', '0917541644', '1966-03-15', 'female', '/img/A0459.jpg'),
(460, '劉依君', 'A3CTXey7', 'ryder6798@yahoo.com', '臺南市安南區工業八路80號11樓之18', '0924533571', '1989-03-19', 'male', '/img/A0460.jpg'),
(461, '鄧瑄璧', '487Qw5X9', 'diane3478@yahoo.com', '宜蘭縣礁溪鄉踏踏路16號', '0930192936', '1974-04-08', 'male', '/img/A0461.jpg'),
(462, '范奕慧', '6QyQut4w', 'kirk9213@gmail.com', '臺中市沙鹿區保安路63號', '0939966718', '1996-09-23', 'female', '/img/A0462.jpg'),
(463, '賴珂鈺', 'W3JM6mZv', 'kayla4699@gmail.com', '臺中市南區平順街42號', '0928618592', '2002-02-16', 'male', '/img/A0463.jpg'),
(464, '孫偲瑾', '84fB8p52', 'vanessa6112@outlook.com', '新北市中和區中安街81號12樓', '0927152264', '2000-04-19', 'male', '/img/A0464.jpg'),
(465, '陸帆衞', '48pbytuX', 'burton3454@gmail.com', '新竹縣竹東鎮敦睦街84號', '0989272596', '1993-12-30', 'female', '/img/A0465.jpg'),
(466, '黃宇源', 'S5d24583', 'jerry6313@gmail.com', '彰化縣溪州鄉七戶巷2號6樓', '0913223606', '2004-05-25', 'female', '/img/A0466.jpg'),
(467, '李彥洢', '4aUFLJzD', 'cruz9830@hotmail.com', '高雄市大寮區干城路13號之17', '0913454800', '1980-01-12', 'male', '/img/A0467.jpg'),
(468, '杜又帆', 'X38dWvf8', 'sheldon2276@gmail.com', '新北市土城區中央路３段82號之8', '0987735818', '2009-05-03', 'female', '/img/A0468.jpg'),
(469, '蔡宜智', 'W9naqH48', 'nguyen993@hotmail.com', '桃園市觀音區桃科六路39號', '0956247687', '2008-03-04', 'female', '/img/A0469.jpg'),
(470, '薛奕璟', 'v89x489D', 'hammer7142@yahoo.com', '臺北市大同區酒泉街9號9樓', '0958184102', '1989-02-23', 'male', '/img/A0470.jpg'),
(471, '許帆育', 'pUyMMdUT', 'lautner4585@icloud.com', '臺北市文山區景華街95號之19', '0924725684', '2004-10-20', 'male', '/img/A0471.jpg'),
(472, '余丞皓', '538GQpC3', 'hughes159@icloud.com', '屏東縣屏東市建豐路50號', '0956056824', '1996-12-08', 'male', '/img/A0472.jpg'),
(473, '張誠鋭', 'EaH39tW8', 'charles336@gmail.com', '桃園市楊梅區大金山下88號9樓', '0917206194', '1999-09-25', 'female', '/img/A0473.jpg'),
(474, '陳年慈', '7JS6M4AV', 'louis7479@outlook.com', '臺中市神岡區和睦路１段91號之9', '0931279357', '1997-07-23', 'female', '/img/A0474.jpg'),
(475, '陳碧軒', '52nNZ7UE', 'brendan6378@gmail.com', '臺南市東區崇德十九街50號6樓之17', '0911233511', '2000-09-25', 'male', '/img/A0475.jpg'),
(476, '余召鋒', '26U35v33', 'selina2088@icloud.com', '高雄市仁武區大正五街86號', '0982037077', '1976-10-28', 'female', '/img/A0476.jpg'),
(477, '周柏邦', '6c5L8uk3', 'tom6685@yahoo.com', '臺中市神岡區福庄街17號12樓', '0954419229', '2011-01-12', 'male', '/img/A0477.jpg'),
(478, '江如昱', 'Ef926uB9', 'tara296@gmail.com', '臺北市大安區和平東路2段52號', '0938802842', '1994-08-07', 'female', '/img/A0478.jpg'),
(479, '蔣圖奇', 'J239cP9u', 'green6109@gmail.com', '新北市淡水區樟腦寮坪53號10樓', '0914866855', '2013-10-10', 'female', '/img/A0479.jpg'),
(480, '邵彤易', '3b7H8Q2w', 'hill1162@gmail.com', '高雄市美濃區福美路7號8樓', '0988806580', '1986-05-29', 'female', '/img/A0480.jpg'),
(481, '馮洋顏', '4zehE983', 'eich6724@gmail.com', '花蓮縣花蓮市福建一街37號', '0953941790', '1962-10-01', 'male', '/img/A0481.jpg'),
(482, '嚴喧菡', 'JT27Fq5E', 'lakshmi4604@gmail.com', '苗栗縣竹南鎮南安街36號', '0982500520', '1981-06-20', 'male', '/img/A0482.jpg'),
(483, '戴芳莉', 'P98854Je', 'george2253@gmail.com', '高雄市前鎮區康和路29號', '0913877427', '1987-09-02', 'female', '/img/A0483.jpg'),
(484, '洪暢玉', '7y793ApL', 'johnson9639@hotmail.com', '高雄市鳥松區永昌街14號', '0926739916', '2001-04-20', 'male', '/img/A0484.jpg'),
(485, '楊採美', 'W6yv3TsN', 'carter3053@hotmail.com', '高雄市大寮區會興一街19號', '0955435111', '2008-11-02', 'female', '/img/A0485.jpg'),
(486, '嚴全恩', 'UhtweE8C', 'peretti3544@gmail.com', '宜蘭縣冬山鄉安農七路9號之2', '0915080030', '2010-03-19', 'female', '/img/A0486.jpg'),
(487, '黃海芬', '7z2T9A7k', 'buckley2349@gmail.com', '高雄市鳳山區南京路7號之1', '0915176474', '2001-05-27', 'female', '/img/A0487.jpg'),
(488, '郭依鴻', '5gGzTWmJ', 'russell5475@gmail.com', '臺南市永康區中正路33號', '0912719076', '1963-05-04', 'male', '/img/A0488.jpg'),
(489, '蔣莎露', 'ht2m3KF4', 'stenson9085@icloud.com', '屏東縣內埔鄉中圳巷98號', '0972885922', '2006-09-18', 'female', '/img/A0489.jpg'),
(490, '陳維英', '7c258A7B', 'joyce2156@yahoo.com', '臺中市沙鹿區興益路79號', '0923759642', '1970-08-01', 'female', '/img/A0490.jpg'),
(491, '劉優玫', 'E46696AS', 'wilmore2437@hotmail.com', '彰化縣彰化市建國西街14號8樓之8', '0953351211', '1972-07-03', 'female', '/img/A0491.jpg'),
(492, '劉娟珈', '4JyU4Z2M', 'barry7839@hotmail.com', '高雄市小港區學府路44號', '0924799429', '1993-12-07', 'male', '/img/A0492.jpg'),
(493, '楊揚鳳', '8xSf4sb3', 'christina888@gmail.com', '雲林縣虎尾鎮信義路28號之16', '0929682629', '2007-12-27', 'female', '/img/A0493.jpg'),
(494, '陳沛玲', 'k6r8b2gc', 'abbadie6848@hotmail.com', '嘉義縣朴子市新進路18號5樓', '0963559209', '1972-09-30', 'female', '/img/A0494.jpg'),
(495, '丁珈璟', '8UE2639F', 'keyser5538@outlook.com', '南投縣南投市信義街54號9樓', '0910651494', '2014-08-20', 'female', '/img/A0495.jpg'),
(496, '蔡許軒', '8L2J99kg', 'hannah2065@outlook.com', '新北市五股區芳洲六路49號', '0982961346', '1973-07-09', 'female', '/img/A0496.jpg'),
(497, '張洪瑗', '85D43K7H', 'ryder3819@yahoo.com', '屏東縣屏東市尚榮巷73號', '0934508719', '1990-11-23', 'male', '/img/A0497.jpg'),
(498, '唐丞霄', '65tHFP2r', 'kudrow5746@yahoo.com', '臺北市萬華區康定路3號之2', '0917269406', '2002-02-14', 'male', '/img/A0498.jpg'),
(499, '邱孝晤', 'Am7Kk4g4', 'brendan3132@gmail.com', '高雄市林園區三官路47號', '0924087249', '1984-07-12', 'male', '/img/A0499.jpg'),
(500, '戴婉鬱', 'uvX4UPn9', 'grant1285@gmail.com', '彰化縣埔鹽鄉番金路100號之7', '0919518851', '1997-12-21', 'female', '/img/A0500.jpg');

UPDATE user_data 
SET avatar = 'none';

-- 訂單概要資訊
CREATE TABLE my_booking (
    `id` INT AUTO_INCREMENT PRIMARY KEY,
    `order_id` INT NOT NULL, -- 訂單概要id
    `sn` varchar(255) NOT NULL, -- BO20240902A01
    `user_id` INT NOT NULL,
    `status` ENUM('pending', 'processing', 'completed', 'canceled') NOT NULL, -- 處理中?完成?取消?
    `total_amount` DECIMAL(10, 2) NOT NULL, -- 總金額
    `created_at` DATETIME DEFAULT CURRENT_TIMESTAMP,
    `updated_at` DATETIME DEFAULT CURRENT_TIMESTAMP ON UPDATE CURRENT_TIMESTAMP,
    FOREIGN KEY (user_id) REFERENCES user_data(user_id) ON DELETE CASCADE
);

-- 訂單詳情
CREATE TABLE b_order_items (
    `id` INT AUTO_INCREMENT PRIMARY KEY,
    `user_id` INT DEFAULT  NULL,
    `r_type_id` INT NOT NULL, -- 房型方案id
    `username` varchar(255) NOT NULL, -- 訂購人姓名
    `phone` varchar(255) NOT NULL, -- 訂購人電話
    `bookEmail` varchar(255) NOT NULL, -- 訂購人郵件
    `quantity` INT NOT NULL, -- 預訂房間數量
    `price` DECIMAL(10, 2) NOT NULL, -- 單價
    `total_price` INT NOT NULL , -- 總價=單價*數量
	`adult` INT NOT NULL,  -- 大人人數
    `children` INT default NULL, -- 小孩人數
    `created_at` DATETIME DEFAULT CURRENT_TIMESTAMP,
    FOREIGN KEY (r_type_id) REFERENCES booking_type(id) ON DELETE CASCADE,
    FOREIGN KEY (`user_id`) REFERENCES `user_data`(`user_id`) ON DELETE CASCADE
);

-- ----------------------------
-- 活動
-- ----------------------------

-- ----------------------------
-- 活動詳情 Event_holding_list 
-- ----------------------------
DROP TABLE IF EXISTS `event_holding_list`;

CREATE TABLE `event_holding_list` (
  `event_id` INT NOT NULL AUTO_INCREMENT,
  `user_id` INT DEFAULT NULL,
  `organizer_nick` VARCHAR(255) NOT NULL,
  `event_pic` VARCHAR(255) DEFAULT NULL,
  `event_description` VARCHAR(255) DEFAULT NULL,
  `event_title` VARCHAR(30) CHARACTER SET utf8mb4 COLLATE utf8mb4_general_ci NOT NULL,
  `start_date` DATE DEFAULT NULL,
  `end_date` DATE DEFAULT NULL,
  `camp_id` INT NOT NULL,
  `camp_address` VARCHAR(255) CHARACTER SET utf8mb4 COLLATE utf8mb4_general_ci DEFAULT NULL,
  `selected_book_type` INT NOT NULL,
  `order_quantity` INT NOT NULL,
  `event_people` INT NOT NULL,
  `order_amount` INT NOT NULL,
  `other_fees` INT NOT NULL,
  `total_cost` INT NOT NULL,
  `cost_per_person` INT NOT NULL,
  `event_notes` VARCHAR(255) DEFAULT NULL,
  `created_at` DATETIME NOT NULL DEFAULT CURRENT_TIMESTAMP,
  `deadline` DATETIME NOT NULL DEFAULT (DATE_ADD(CURRENT_TIMESTAMP, INTERVAL 14 DAY)),
  
  PRIMARY KEY (`event_id`),
  CONSTRAINT `FK_camp_id` FOREIGN KEY (`camp_id`) REFERENCES `campsites`(`id`),
  CONSTRAINT `FK_selected_book_type` FOREIGN KEY (`selected_book_type`) REFERENCES `booking_type`(`id`),
  CONSTRAINT `FK_user_id` FOREIGN KEY (`user_id`) REFERENCES `user_data`(`user_id`) ON DELETE CASCADE
) ENGINE=InnoDB DEFAULT CHARSET=utf8mb4;

-- 設定 AUTO_INCREMENT 起始值
ALTER TABLE `event_holding_list` AUTO_INCREMENT = 1728395;

-- 匯入假資料
INSERT INTO `event_holding_list` (`event_id`, `user_id`, `organizer_nick`, `event_pic`, `event_description`, `event_title`, `start_date`,`end_date`,`camp_id`,`camp_address`,`selected_book_type`,`order_quantity`,`event_people`,`order_amount`,`other_fees`,`total_cost`,`cost_per_person`,`event_notes`,`created_at`,`deadline`) VALUES
('1728395', '1', '小明', 'https://i.postimg.cc/bv0YQsDR/pexels-photo-799445.jpg', '一起來享受大自然的美好！我們將在清幽的山林間舉辦一場輕鬆愉快的露營活動，不僅有營火晚會、團康，還能結交新朋友。無論你是露營新手還是老手，都歡迎加入我們的露營行列，共同體驗星空下的美好夜晚！', '揪伙來尬露', '2024-11-10', '2024-11-12', '1','台灣花蓮縣秀林鄉太魯閣村200號', '1', '1', '4', '1200', '1200','2400', '600', '若有特殊飲食需求或過敏，請提前告知。', '2024-10-08 15:00:40', '2024-10-19 15:00:40'),
('1728396', '2', '小華', 'https://i.postimg.cc/KvT2n6Bc/1009th.jpg', '來場溫馨的家庭露營吧！小朋友將有專屬的戶外活動，家長可以在一旁放鬆心情。一起享受大自然的寧靜與美好，還有機會看到滿天星斗！', '家庭露營樂', '2024-11-15', '2024-11-17', '2', '台灣南投縣魚池鄉日月村3號', '2', '2', '5', '1500', '1500', '3000', '600', '提供營地餐點，如有特殊飲食需求請事先告知。', '2024-10-08 15:00:00', '2024-10-19 15:00:00'),
('1728397', '3', '小美', 'https://i.postimg.cc/PxxGPxmJ/camping-6882479-1280.jpg', '不僅是露營，更是一場心靈的淨化之旅！我們將在山林中進行瑜伽冥想、森林漫步，放鬆身心，與自然融為一體。', '心靈淨化之旅', '2024-12-05', '2024-12-07', '3', '台灣宜蘭縣大同鄉牛鬥村8號', '3', '1', '8', '2000', '1000', '4000', '500', '請自備瑜伽墊與舒適的運動服裝。', '2024-10-08 16:00:00', '2024-10-19 16:00:00'),

('1728398', '4', '小豪', 'https://i.postimg.cc/YSy7NY2Y/camping-7947056-1280.jpg', '適合露營新手的入門體驗！提供基本裝備與教學，讓你在輕鬆愉快的氛圍中學會搭帳篷、生火及簡單的野外求生技巧。', '新手露營體驗', '2024-11-20', '2024-11-21', '4', '台灣台中市和平區梨山村100號', '1', '1', '6', '1000', '500', '2000', '333', '新手訓練課程，請攜帶個人基本生活用品。', '2024-10-08 17:00:00', '2024-11-10 17:00:00'),
('1728399', '5', '小琳', 'https://i.postimg.cc/5NmZqLny/DALL-E-2024-08-20-23-35-05-A-cute-chibi-style-illustration-of-a-camping-theme-The-image-should-f.webp', '我們將進行一場輕量背包健行與露營之旅，適合體能較好的參加者。沿途將欣賞壯麗的山景與溪谷美景，一同挑戰自我、探索自然。', '健行露營挑戰', '2024-12-15', '2024-12-17', '5', '台灣台東縣卑南鄉鹿野村50號', '4', '2', '10', '3000', '2000', '5000', '500', '需有基本健行經驗，並能背負15公斤裝備行進4小時。', '2024-10-08 18:00:00', '2024-12-01 18:00:00'),
('1728400', '6', '小宇', 'https://i.postimg.cc/J4TpzqpN/DALL-E-2024-08-20-23-37-48-A-cute-chibi-style-illustration-of-a-camping-theme-similar-to-the-pro.webp', '冬季露營歡迎你！我們將一起進行寒冬露營挑戰，搭建雪地帳篷、學習野外取暖及生火技巧，挑戰嚴寒，體驗獨特的冬季露營。', '冬季露營挑戰', '2024-12-22', '2024-12-24', '6', '台灣南投縣仁愛鄉清境村10號', '5', '1', '12', '2500', '1500', '5000', '416', '請自備防寒裝備，活動期間將有專業教練全程陪同。', '2024-10-08 19:00:00', '2024-12-10 19:00:00'),
('1728401', '7', '阿凱', 'https://i.postimg.cc/jqcXMc0p/fire-434157-1280.jpg', '來一場城市旁的露營吧！我們將在郊區舉辦一場輕鬆的露營活動，無需遠行即可享受戶外時光。適合忙碌的都市人短暫逃離，放鬆心情。', '都市人放鬆露營', '2024-11-25', '2024-11-26', '7', '台灣新北市平溪區十分村50號', '1', '1', '15', '800', '400', '1600', '106', '活動含一餐燒烤與戶外電影播放。', '2024-10-08 20:00:00', '2024-11-15 20:00:00'),
('1728402', '8', '小芸', 'https://i.postimg.cc/d3fZzL9y/istockphoto-1148431349-1024x1024.jpg', '這是一場專為登山健行愛好者準備的高山露營行程。我們將挑戰合歡山脈，於山頂露營並迎接日出。適合有登山經驗者參加。', '合歡山高山露營', '2024-11-28', '2024-11-30', '8', '台灣南投縣仁愛鄉合歡村1號', '4', '3', '10', '3500', '1500', '5000', '500', '需有基本登山裝備與經驗，登頂過程將有專業嚮導陪同。', '2024-10-08 21:00:00', '2024-11-18 21:00:00'),
('1728403', '9', '阿虎', 'https://i.postimg.cc/QNkwgcdP/pexels-photo-2582818.jpg', '來場星空下的音樂露營吧！專業樂隊將在露營場地進行戶外表演，讓你在星空與音樂的陪伴下度過一個美好的夜晚。', '星空音樂露營', '2024-12-01', '2024-12-02', '9', '台灣嘉義縣阿里山鄉中正村5號', '2', '1', '20', '2500', '1000', '3500', '175', '音樂演出期間請保持安靜，勿打擾其他參加者。', '2024-10-08 22:00:00', '2024-11-20 22:00:00'),
('1728404', '10', '阿元', 'https://i.postimg.cc/268hmVy5/camp-2650359-1280.jpg', '露營結合DIY手作活動，適合親子共遊！一起動手製作屬於自己的露營燈籠，並在營火旁享受親手做的小點心，共度溫馨時光。', '親子手作露營', '2024-12-08', '2024-12-09', '10', '台灣台南市白河區關子嶺村30號', '3', '2', '10', '1800', '800', '2600', '260', 'DIY材料費用已含在活動總價中，請勿自行攜帶額外工具。', '2024-10-08 23:00:00', '2024-11-25 23:00:00'),
('1728405', '11', '小安', 'https://i.postimg.cc/xTtCDtHL/tent-4558240-1280.jpg', '適合夜貓子的露營活動！我們將進行一場夜間徒步探險，探訪夜間活躍的野生動物，並在清晨迎接曙光的到來。', '夜貓子露營探險', '2024-12-12', '2024-12-13', '11', '台灣高雄市六龜區寶來村100號', '5', '1', '12', '2000', '1000', '3000', '250', '請穿著適合夜間行走的輕便裝備，並攜帶手電筒與防蚊用品。', '2024-10-08 23:30:00', '2024-12-05 23:30:00'),
('1728406', '12', '小宇', 'https://i.postimg.cc/VNyP3C7j/tents-5983161-1280.jpg', '享受寧靜的湖畔露營時光，夜晚將有專業導師帶領觀星活動，適合喜愛天文與靜謐環境的露營愛好者。', '湖畔星空露營', '2024-12-20', '2024-12-21', '12', '台灣南投縣魚池鄉日月村30號', '1', '2', '8', '2200', '800', '3000', '375', '請自備望遠鏡與天文圖冊，現場將提供部分設備供使用。', '2024-10-09 10:00:00', '2024-12-10 10:00:00'),
('1728407', '13', '大山', 'https://i.postimg.cc/wvGVGh2z/th-000.jpg', '體驗森林療癒與瑜伽放鬆活動，我們將在濃密的森林中靜靜享受大自然的氣息，配合專業瑜伽老師的引導，讓身心得到徹底的放鬆。', '森林瑜伽療癒營', '2024-12-25', '2024-12-27', '13', '台灣苗栗縣南庄鄉蓬萊村100號', '2', '3', '15', '3000', '1000', '4000', '267', '建議參加者穿著舒適服裝並攜帶瑜伽墊。', '2024-10-09 11:00:00', '2024-12-15 11:00:00'),
('1728408', '14', '阿潔', 'https://i.postimg.cc/MGh00WpZ/th-1.jpg', '這是一場結合烹飪課程的露營活動，我們將學習如何在戶外用簡單的工具製作出美味的餐點，適合喜愛料理與露營的參加者。', '戶外烹飪露營', '2024-12-29', '2024-12-30', '14', '台灣台東縣鹿野鄉高台村75號', '3', '2', '10', '2500', '1200', '3700', '370', '每位參加者將獲得一份戶外料理配方書。', '2024-10-09 12:00:00', '2024-12-20 12:00:00'),
('1728409', '15', '小玉', 'https://i.postimg.cc/bJhDNdvn/th-2.jpg', '親近動物的露營體驗，我們將前往鹿林園，近距離觀察與接觸鹿群，並在專業講師的引導下瞭解更多野生動物保育知識。', '鹿林園生態露營', '2024-12-18', '2024-12-19', '15', '台灣彰化縣鹿港鎮鹿林村3號', '4', '1', '12', '3000', '1500', '4500', '375', '請保持環境安靜，不得隨意餵食或干擾動物。', '2024-10-09 13:00:00', '2024-12-12 13:00:00'),
('1728410', '16', '阿偉', 'https://i.postimg.cc/K8tmcf39/th-3.jpg', '前往小溪畔的營地，我們將體驗溪釣與自然步道健行，適合熱愛釣魚與輕度健行活動的朋友參加。', '小溪釣魚露營', '2025-01-05', '2025-01-06', '16', '台灣花蓮縣豐濱鄉溪畔村20號', '5', '1', '15', '2800', '1000', '3800', '253', '現場提供基本釣魚用具，建議自備健行鞋與防曬用品。', '2024-10-09 14:00:00', '2024-12-30 14:00:00'),
('1728411', '17', '阿凱', 'https://i.postimg.cc/HW5m93BT/th-4.jpg', '挑戰自我的高山攀登露營活動，我們將前往台灣知名的玉山山脈，進行為期兩天的高難度攀登與露營，適合擁有戶外經驗的冒險者參加。', '玉山攀登挑戰營', '2025-01-10', '2025-01-12', '17', '台灣南投縣信義鄉玉山村56號', '6', '2', '12', '3500', '1500', '5000', '417', '建議攜帶個人攀登裝備與防寒服裝。', '2024-10-09 15:00:00', '2024-12-31 15:00:00'),
('1728412', '18', '小美', 'https://i.postimg.cc/8PRr9RPS/th-6.jpg', '一場親子露營活動，我們將帶領家長與孩子在安全舒適的環境中進行各種團體活動與互動遊戲，促進家庭成員間的感情與合作。', '親子互動露營', '2025-01-15', '2025-01-16', '18', '台灣宜蘭縣頭城鎮宜蘭路22號', '7', '4', '20', '4000', '2000', '6000', '300', '適合6歲以上兒童參加，敬請攜帶兒童日常用品與輕便衣物。', '2024-10-09 16:00:00', '2025-01-05 16:00:00'),
('1728413', '19', '阿志', 'https://i.postimg.cc/SQL5KPgY/th-5.jpg', '結合攝影教學的露營活動，我們將在美麗的山林中學習如何捕捉大自然的美景，適合攝影初學者與愛好者參加。', '大自然攝影露營', '2025-01-20', '2025-01-21', '19', '台灣南投縣仁愛鄉山林村15號', '8', '1', '10', '3000', '1200', '4200', '420', '建議攜帶個人攝影器材與三腳架，現場提供簡單指導課程。', '2024-10-09 17:00:00', '2025-01-10 17:00:00'),
('1728414', '20', '阿芳', 'https://i.postimg.cc/d3HtcVXG/th-7.jpg', '海灘音樂露營派對，我們將在美麗的沙灘上搭建露營區，晚上還會舉辦音樂派對與煙火秀，適合喜愛音樂與戶外活動的年輕朋友參加。', '沙灘音樂露營', '2025-01-25', '2025-01-26', '20', '台灣墾丁南灣路30號', '9', '2', '50', '5000', '3000', '8000', '160', '請自備輕便涼鞋與沙灘服飾，現場提供飲品與輕食。', '2024-10-09 18:00:00', '2025-01-20 18:00:00'),
('1728415', '21', '阿傑', 'https://i.postimg.cc/Z5ZZs30X/th-8.jpg', '學習如何在野外生存的技能課程，我們將進行搭建帳篷、尋找食物與水源等各種野外生存技巧訓練，適合熱愛冒險的參加者。', '野外生存訓練營', '2025-02-01', '2025-02-02', '21', '台灣台中市大肚山路45號', '10', '3', '15', '3500', '1800', '5300', '353', '每位參加者將獲得一本野外生存手冊與基本工具組。', '2024-10-09 19:00:00', '2025-01-25 19:00:00'),
('1728416', '22', '小華', 'https://i.postimg.cc/WpMHWyrb/th-9.jpg', '來場減壓的靜心露營，透過瑜伽、冥想與大自然融為一體，幫助參加者放鬆身心、釋放壓力，是忙碌工作者與學生的最佳選擇。', '森林靜心瑜伽營', '2025-02-10', '2025-02-12', '22', '台灣新竹縣尖石鄉尖石村50號', '11', '2', '15', '2500', '1000', '3500', '233', '現場提供瑜伽墊與簡單晚餐，請自備個人水瓶與輕便服飾。', '2024-10-10 10:00:00', '2025-02-05 10:00:00'),
('1728417', '23', '大雄', 'https://i.postimg.cc/TYNqCjk3/th-10.jpg', '挑戰自我體能極限的百岳登山露營活動，適合體能佳且有登山經驗的參加者，一起征服台灣百岳之一的南湖大山，體驗高山美景。', '南湖大山百岳挑戰', '2025-03-01', '2025-03-04', '23', '台灣宜蘭縣南澳鄉南湖村90號', '12', '3', '10', '5000', '2000', '7000', '700', '請攜帶個人專業登山裝備與足夠的補給品。', '2024-10-10 11:00:00', '2025-02-25 11:00:00'),
('1728418', '24', '阿成', 'https://i.postimg.cc/15K5QJxy/th-7.jpg', '結合溪降與露營的刺激活動，挑戰台灣東部的山澗溪流，在專業教練帶領下體驗自然水域的壯麗景色與刺激樂趣，適合愛好冒險的參加者。', '溪降冒險露營', '2025-03-10', '2025-03-11', '24', '台灣花蓮縣卓溪鄉溪降村38號', '13', '2', '8', '4500', '1500', '6000', '750', '建議攜帶防水袋與更換衣物，現場提供安全裝備。', '2024-10-10 12:00:00', '2025-03-05 12:00:00'),
('1728419', '25', '阿健', 'https://i.postimg.cc/GpLDRHg5/th.jpg', '湖邊釣魚與露營的休閒活動，適合想放鬆心情的參加者，白天可釣魚享受湖畔風光，晚上在星空下露營，並分享釣魚心得。', '湖畔釣魚露營', '2025-03-15', '2025-03-16', '25', '台灣南投縣魚池鄉魚池村68號', '14', '1', '6', '1800', '800', '2600', '433', '提供釣魚裝備租借服務，釣獲之魚可現場烤製。', '2024-10-10 13:00:00', '2025-03-10 13:00:00'),
('1728420', '26', '阿莉', 'https://i.postimg.cc/13J07ky6/th000.jpg', '探索夜空奧秘的星空觀測露營，專業導師將介紹各種星座與天體知識，並透過高倍望遠鏡觀測夜空的奧秘。', '星空觀測露營', '2025-03-20', '2025-03-21', '26', '台灣台東縣池上鄉觀星村95號', '15', '1', '20', '3500', '1200', '4700', '235', '請自備防蚊液與輕便毯，建議攜帶相機與腳架以便拍攝星空美景。', '2024-10-10 14:00:00', '2025-03-15 14:00:00'),
('1728421', '27', '小剛', 'https://i.postimg.cc/k4FgfmmP/th101.jpg', '在碧藍湖水上進行獨木舟露營體驗，白天可划獨木舟遊湖，夜晚在湖畔露營享受靜謐的自然氛圍。適合初學者與有經驗者參加，教練將全程陪同指導。', '湖上獨木舟露營', '2025-04-01', '2025-04-02', '27', '台灣苗栗縣南庄鄉獨木舟村20號', '16', '1', '12', '3200', '1000', '4200', '350', '建議穿著防曬服裝並攜帶防水相機，活動結束後可參加導覽健行。', '2024-10-10 15:00:00', '2025-03-25 15:00:00'),
('1728422', '28', '小玲', 'https://i.postimg.cc/N0W5MDgL/1010101.jpg', '結合自行車健行與露營的戶外活動，環繞台灣中部的絕美山景騎行，沿途設置露營點休息，享受清晨與黃昏的山景。適合體能較佳的參加者。', '山區自行車露營', '2025-04-10', '2025-04-12', '28', '台灣南投縣信義鄉自行車村30號', '17', '1', '20', '4000', '1500', '5500', '275', '建議參加者準備個人自行車裝備與防護裝備。', '2024-10-10 16:00:00', '2025-04-05 16:00:00'),
('1728423', '29', '阿國', 'https://i.postimg.cc/C5v0ZMjJ/th-1.jpg', '體驗台灣東北角的高山溫泉露營，活動包括高山健行與溫泉泡湯，在自然美景中享受舒適的溫泉放鬆，是喜愛溫泉與山景的參加者最佳選擇。', '高山溫泉露營', '2025-04-20', '2025-04-22', '29', '台灣宜蘭縣南澳鄉溫泉村15號', '18', '1', '10', '3800', '1200', '5000', '500', '請自備泳衣與毛巾，現場提供基本健行裝備租借服務。', '2024-10-10 17:00:00', '2025-04-15 17:00:00'),
('1728424', '30', '阿豪', 'https://i.postimg.cc/L6r7xZ6L/th-2.jpg', '夏日海灘露營趴來了！在沙灘上享受日光浴、衝浪與沙灘排球，夜晚點起營火舉辦派對。歡迎三五好友一起來享受夏日的熱情！', '夏日海灘露營派對', '2025-05-10', '2025-05-11', '30', '台灣屏東縣墾丁鄉海灘村100號', '19', '2', '30', '3000', '1000', '4000', '133', '建議攜帶泳裝與沙灘巾，現場提供露營帳篷與基本設備租借。', '2024-10-10 18:00:00', '2025-05-05 18:00:00'),
('1728425', '31', '小潔', 'https://i.postimg.cc/R0CjtxZD/th.jpg', '一起來探索秘境山林的生態露營，專業生態導覽員將帶領大家認識山林中的動植物，並了解森林生態系的奧秘，適合親子與對自然生態有興趣的朋友。', '秘境生態露營', '2025-05-15', '2025-05-16', '31', '台灣南投縣仁愛鄉秘境村88號', '20', '1', '18', '2800', '1000', '3800', '211', '建議攜帶雙筒望遠鏡與相機記錄動植物生態，請勿餵食野生動物。', '2024-10-10 19:00:00', '2025-05-10 19:00:00');

-- ----------------------------
-- 活動參與 event_participants
-- ----------------------------
DROP TABLE IF EXISTS `event_participants`;
CREATE TABLE `event_participants` (
  `id` INT NOT NULL PRIMARY KEY AUTO_INCREMENT,
  `user_id` INT NOT NULL,
  `event_id` INT NOT NULL,
  `is_organizer` BOOLEAN DEFAULT FALSE, -- 是否為該活動的主辦人
  `join_date`DATETIME NOT NULL DEFAULT CURRENT_TIMESTAMP, -- 加入活動的日期
  FOREIGN KEY (`user_id`) REFERENCES `user_data`(`user_id`),
  FOREIGN KEY (`event_id`) REFERENCES `event_holding_list`(`event_id`)
) ENGINE=InnoDB DEFAULT CHARSET=utf8mb4;

-- 匯入假資料
INSERT INTO `event_participants` (`id`, `user_id`, `event_id`, `is_organizer`, `join_date`) VALUES
-- 主辦人加入活動 (is_organizer = TRUE)
(1, 1, 1728395, TRUE, '2024-10-08 15:00:40'),
(2, 2, 1728396, TRUE, '2024-10-08 15:00:00'),
(3, 3, 1728397, TRUE, '2024-10-08 16:00:00'),
(4, 4, 1728398, TRUE, '2024-10-08 17:00:00'),
(5, 5, 1728399, TRUE, '2024-10-08 18:00:00'),
(6, 6, 1728400, TRUE, '2024-10-08 19:00:00'),
(7, 7, 1728401, TRUE, '2024-10-08 20:00:00'),
(8, 8, 1728402, TRUE, '2024-10-08 21:00:00'),
(9, 9, 1728403, TRUE, '2024-10-08 22:00:00'),
(10, 10, 1728404, TRUE, '2024-10-08 23:00:00'),
(11, 11, 1728405, TRUE, '2024-10-08 23:00:00'),
(12, 12, 1728406, TRUE, '2024-10-08 23:00:00'),
(13, 13, 1728407, TRUE, '2024-10-08 23:00:00'),
(14, 14, 1728408, TRUE, '2024-10-08 23:00:00'),
(15, 15, 1728409, TRUE, '2024-10-08 23:00:00'),
(16, 16, 1728410, TRUE, '2024-10-08 23:00:00'),
(17, 17, 1728411, TRUE, '2024-10-08 23:00:00'),
(18, 18, 1728412, TRUE, '2024-10-08 23:00:00'),
(19, 19, 1728413, TRUE, '2024-10-08 23:00:00'),
(20, 20, 1728414, TRUE, '2024-10-08 23:00:00'),
(21, 21, 1728415, TRUE, '2024-10-08 23:00:00'),
(22, 22, 1728416, TRUE, '2024-10-08 23:00:00'),
(23, 23, 1728417, TRUE, '2024-10-08 23:00:00'),
(24, 24, 1728418, TRUE, '2024-10-08 23:00:00'),
(25, 25, 1728419, TRUE, '2024-10-08 23:00:00'),
(26, 26, 1728420, TRUE, '2024-10-08 23:00:00'),
(27, 27, 1728421, TRUE, '2024-10-08 23:00:00'),
(28, 28, 1728422, TRUE, '2024-10-08 23:00:00'),
(29, 29, 1728423, TRUE, '2024-10-08 23:00:00'),
(30, 30, 1728424, TRUE, '2024-10-08 23:00:00'),
(31, 31, 1728425, TRUE, '2024-10-08 23:00:00'),


-- 其他參加者加入活動 (隨機日期，is_organizer = FALSE)
(32, 11, 1728395, FALSE, '2024-10-09 10:00:00'),
(33, 12, 1728396, FALSE, '2024-10-09 12:30:00'),
(34, 13, 1728397, FALSE, '2024-10-10 08:00:00'),
(35, 14, 1728398, FALSE, '2024-10-10 09:15:00'),
(36, 15, 1728399, FALSE, '2024-10-10 10:45:00'),
(37, 16, 1728400, FALSE, '2024-10-10 11:00:00'),
(38, 17, 1728401, FALSE, '2024-10-11 13:30:00'),
(39, 18, 1728402, FALSE, '2024-10-11 14:00:00'),
(40, 19, 1728403, FALSE, '2024-10-12 15:00:00'),
(41, 20, 1728404, FALSE, '2024-10-12 16:00:00'),
(42, 52, 1728398, FALSE, '2024-10-12 19:00:00'),
(43, 49, 1728398, FALSE, '2024-10-12 19:05:00'),
(44, 130, 1728398, FALSE, '2024-10-12 19:15:00');

-- 留言板
DROP TABLE IF EXISTS `event_comments`;
CREATE TABLE `event_comments` (
  `id` INT NOT NULL PRIMARY KEY AUTO_INCREMENT,
  `event_id` INT NOT NULL,
  `user_id` INT NOT NULL,
  `comment` TEXT NOT NULL, 
  `created_at` DATETIME NOT NULL DEFAULT CURRENT_TIMESTAMP,
  FOREIGN KEY (`event_id`) REFERENCES `event_holding_list`(`event_id`) ON DELETE CASCADE,
  FOREIGN KEY (`user_id`) REFERENCES `user_data`(`user_id`) ON DELETE CASCADE
) ENGINE=InnoDB DEFAULT CHARSET=utf8mb4;

-- 匯入假資料
INSERT INTO `event_comments` (`id`, `event_id`, `user_id`, `comment`, `created_at`) VALUES
(1, 1728395, 1, '歡迎大家一起來參加活動！期待大家的參與。', '2024-10-10 15:00:40'),
(2, 1728395, 11, '這次露營地點真的很棒，風景很好。', '2024-10-11 10:15:00'),
(3, 1728396, 2, '這是我的第一次露營活動，期待！', '2024-10-11 11:30:00'),
(4, 1728396, 12, '家庭活動感覺很溫馨，大家一起加油！', '2024-10-12 12:45:00'),
(5, 1728397, 3, '心靈淨化的活動讓我很放鬆，大家一起享受自然吧！', '2024-10-12 13:15:00'),
(6, 1728397, 13, '這次活動主題太好了，冥想的時光最讓我期待！', '2024-10-12 14:30:00'),
(7, 1728398, 4, '新手露營體驗期待學到很多露營技巧！', '2024-10-13 09:00:00'),
(8, 1728398, 14, '新手露營的課程設計得很好，值得學習！', '2024-10-13 10:30:00'),
(9, 1728399, 5, '健行挑戰雖然辛苦，但也讓人充滿成就感。', '2024-10-14 08:45:00'),
(10, 1728399, 15, '這次健行的風景超級美，希望下次還能再來。', '2024-10-14 09:50:00'),
(11, 1728400, 6, '冬季露營挑戰真的是極限體驗，值得一試。', '2024-10-15 10:00:00'),
(12, 1728400, 16, '嚴寒露營對於耐寒裝備要求很高，感謝指導。', '2024-10-15 11:30:00');

-- product
DROP TABLE IF EXISTS `books`;
CREATE TABLE `books` (
  `product_id` INT NOT NULL AUTO_INCREMENT,
  `product_name` varchar(30) NOT NULL,
  `product_type` varchar(30) NOT NULL,
  `product_price` varchar(30) NOT NULL,
  `product_num` varchar(30) NOT NULL,
  `product_desc` varchar(30) NOT NULL,
  `create_at` datetime DEFAULT current_timestamp(),
  `product_pic` varchar(255) DEFAULT NULL,
  PRIMARY KEY (`product_id`)
)  ENGINE=InnoDB DEFAULT CHARSET=utf8mb4;

--
-- 傾印資料表的資料 `books`
--
INSERT INTO `books` (`product_id`, `product_name`, `product_type`, `product_price`, `product_num`, `product_desc`, `create_at`, `product_pic`) VALUES
(1, '露營帳篷', '商品A:優惠商品', '1300', '20', '高品質防水帳篷，適合全家出遊，提供寬敞舒適的居住空間。', '2024-07-01 09:56:35', 'img1.png'),
(2, '睡袋', '商品C:推薦商品', '300', '35', '舒適保暖睡袋，適合各種戶外環境，保證您的睡眠質量。', '2024-07-02 09:56:35', 'img2.png'),
(3, '露營床墊', '商品B:熱銷商品', '500', '40', '便攜充氣床墊，輕便易用，提供舒適的睡眠體驗。', '2024-07-03 09:56:35', 'img3.png'),
(4, '露營燈', '商品D:出清商品', '120', '60', '高亮度LED露營燈，節能耐用，適合夜間使用。', '2024-07-04 09:56:35', 'img4.png'),
(5, '戶外炊具', '商品D:出清商品', '800', '25', '全套露營炊具，包括鍋碗瓢盆，讓您輕鬆享受戶外美食。', '2024-07-05 09:56:35', 'img5.png'),
(6, '登山背包', '商品B:熱銷商品', '900', '15', '大容量多功能背包，適合長途跋涉，耐用防水。', '2024-07-06 09:56:35', 'img6.png'),
(7, '便攜式椅子', '商品C:推薦商品', '200', '50', '輕便折疊椅，易於攜帶，讓您隨時隨地享受舒適座椅。', '2024-07-07 09:56:35', 'img7.png'),
(8, '露營桌', '商品A:優惠商品', '400', '30', '可摺疊露營桌，穩固耐用，方便野外使用。', '2024-07-08 09:56:35', 'img8.png'),
(9, '露營爐', '商品C:推薦商品', '600', '20', '高效燃氣爐，火力強勁，適合露營及野炊。', '2024-07-09 09:56:35', 'img9.png'),
(10, '野炊餐具套裝', '商品A:優惠商品', '150', '45', '全套不鏽鋼餐具，輕便耐用，易於清潔。', '2024-07-10 09:56:35', 'img10.png'),
(11, '多功能刀', '商品D:出清商品', '80', '70', '多用途野營刀，包括開瓶器、剪刀、鋸齒刀等功能。', '2024-07-11 09:56:35', 'img11.png'),
(12, '野外水壺', '商品C:推薦商品', '100', '55', '大容量運動水壺，防漏設計，適合各種戶外活動。', '2024-07-12 09:56:35', 'img12.png'),
(13, '急救包', '商品A:優惠商品', '250', '40', '戶外急救必備，包含創可貼、紗布、消毒液等。', '2024-07-13 09:56:35', 'img13.png'),
(14, '防水地墊', '商品D:出清商品', '180', '35', '防潮防水地墊，提供舒適的露營環境，耐磨耐用。', '2024-07-14 09:56:35', 'img14.png'),
(15, '燃氣罐', '商品C:推薦商品', '50', '100', '戶外露營燃氣罐，燃燒效率高，適用於各種燃氣爐具。', '2024-07-15 09:56:35', 'img15.png'),
(16, '露營風扇', '商品B:熱銷商品', '220', '30', '便攜露營風扇，靜音設計，提供清涼的戶外體驗。', '2024-07-16 09:56:35', 'img16.png'),
(17, '露營冷氣', '商品D:出清商品', '3000', '10', '便攜式露營冷氣，強效制冷，適合炎熱的夏季露營。', '2024-07-17 09:56:35', 'img17.png'),
(18, '營地燈籠', '商品A:優惠商品', '130', '60', '高亮度營地燈籠，節能耐用，提供充足的照明。', '2024-07-18 09:56:35', 'img18.png'),
(19, '露營床', '商品B:熱銷商品', '700', '20', '舒適露營床，耐用設計，提供良好的睡眠支持。', '2024-07-19 09:56:35', 'img19.png'),
(20, '露營枕頭', '商品D:出清商品', '90', '40', '充氣露營枕頭，便於攜帶，提供舒適的支撐。', '2024-07-20 09:56:35', 'img20.png'),
(21, '登山杖', '商品C:推薦商品', '150', '35', '輕便登山杖，提供穩定的支持，適合各種地形。', '2024-07-21 09:56:35', 'img21.png'),
(22, '露營便攜廁所', '商品B:熱銷商品', '500', '10', '便攜式露營廁所，輕便衛生，適合長時間露營。', '2024-07-22 09:56:35', 'img22.png'),
(23, '露營淋浴袋', '商品A:優惠商品', '120', '20', '便攜式露營淋浴袋，輕便易用，提供戶外淋浴體驗。', '2024-07-23 09:56:35', 'img23.png'),
(24, '露營儲水袋', '商品D:出清商品', '80', '25', '大容量儲水袋，方便攜帶，適合長途跋涉。', '2024-07-24 09:56:35', 'img24.png'),
(25, '便攜式洗衣機', '商品A:優惠商品', '300', '10', '輕便便攜式洗衣機，節能高效，適合露營使用。', '2024-07-25 09:56:35', 'img25.png'),
(26, '野營繩索', '商品C:推薦商品', '50', '50', '耐用野營繩索，適合各種戶外活動，安全可靠。', '2024-07-26 09:56:35', NULL),
(27, '露營網兜', '商品D:出清商品', '40', '60', '多功能露營網兜，輕便耐用，方便收納物品。', '2024-07-27 09:56:35', NULL),
(28, '露營吊床', '商品A:優惠商品', '200', '30', '舒適露營吊床，耐用設計，提供舒適的休息場所。', '2024-07-28 09:56:35', NULL),
(29, '野外指南針', '商品D:出清商品', '60', '45', '精確野外指南針，輕便易用，適合各種探險活動。', '2024-07-29 09:56:35', NULL),
(30, '戶外防蚊燈', '商品B:熱銷商品', '80', '40', '高效防蚊燈，節能耐用，提供長時間的驅蚊效果。', '2024-07-30 09:56:35', NULL),
(31, '露營急救噴霧', '商品A:優惠商品', '40', '50', '露營急救噴霧，便攜設計，適合處理各種小傷口。', '2024-07-31 09:56:35', NULL),
(32, '露營儲物箱', '商品C:推薦商品', '150', '25', '大容量儲物箱，防水防塵，適合收納各種物品。', '2024-08-01 09:56:35', NULL),
(33, '多功能手套', '商品D:出清商品', '70', '55', '耐用多功能手套，適合各種戶外活動，提供保護和抓地力。', '2024-08-02 09:56:35', NULL),
(34, '便攜式折疊桌', '商品A:優惠商品', '250', '20', '輕便折疊桌，方便攜帶，適合露營及戶外活動。', '2024-08-03 09:56:35', NULL),
(35, '防風罩', '商品D:出清商品', '90', '40', '戶外防風罩，保護露營爐具，耐用設計。', '2024-08-04 09:56:35', NULL),
(36, '便攜式電源', '商品D:出清商品', '450', '15', '高容量便攜式電源，適合長時間露營使用。', '2024-08-05 09:56:35', NULL),
(37, '露營收納袋', '商品B:熱銷商品', '70', '50', '實用露營收納袋，方便整理和攜帶各種露營用品。', '2024-08-06 09:56:35', NULL),
(38, '野外急救包', '商品C:推薦商品', '250', '20', '專業野外急救包，包含多種醫療物品，保障您的安全。', '2024-08-07 09:56:35', NULL),
(39, '露營鍋具', '商品B:熱銷商品', '300', '15', '全套露營鍋具，耐高溫設計，適合各種烹飪需求。', '2024-08-08 09:56:35', NULL),
(40, '防風炊具', '商品D:出清商品', '180', '30', '防風設計炊具，提升戶外烹飪效果，耐用可靠。', '2024-08-09 09:56:35', NULL),
(41, '露營垃圾袋', '商品D:出清商品', '30', '70', '高強度垃圾袋，適合戶外活動，方便處理垃圾。', '2024-08-10 09:56:35', NULL),
(42, '露營繩索套件', '商品A:優惠商品', '120', '50', '包含多條耐用露營繩索，適合各種用途，便於搭建帳篷和其他設施。', '2024-08-11 09:56:35', NULL),
(43, '露營木炭', '商品D:出清商品', '40', '80', '高效燃燒木炭，長時間保持火力，適合烤肉和煮食。', '2024-08-12 09:56:35', NULL),
(44, '露營保溫壺', '商品A:優惠商品', '100', '30', '保溫效果優良，適合長時間保溫飲品，便於戶外使用。', '2024-08-13 09:56:35', NULL),
(45, '戶外餐桌', '商品D:出清商品', '200', '20', '便攜戶外餐桌，穩固耐用，適合野外用餐。', '2024-08-14 09:56:35', NULL),
(46, '露營帳篷配件', '商品D:出清商品', '150', '25', '帳篷配件全套，包括支架、繩索等，讓您的帳篷更穩固。', '2024-08-15 09:56:35', NULL),
(47, '戶外野營手電筒', '商品B:熱銷商品', '70', '50', '高亮度手電筒，具有強大照明功能，適合夜間活動。', '2024-08-16 09:56:35', NULL),
(48, '露營防蚊網', '商品A:優惠商品', '90', '35', '高效防蚊網，有效阻隔蚊蟲，保護您的露營環境。', '2024-08-17 09:56:35', NULL),
(49, '露營炭火架', '商品C:推薦商品', '250', '20', '耐高溫炭火架，提供穩定的火源，適合戶外燒烤使用。', '2024-08-18 09:56:35', NULL),
(50, '戶外望遠鏡', '商品B:熱銷商品', '300', '15', '高倍數望遠鏡，提供清晰的遠景觀察，適合戶外觀察。', '2024-08-19 09:56:35', NULL);
-- --------------------------------------------------------
--
-- 資料表結構 `orderlist`
--
DROP TABLE IF EXISTS `orderlist`;
CREATE TABLE `orderlist` (
  `product_order_id` varchar(255) NOT NULL,
  `order_date` varchar(255) DEFAULT NULL,
  `product_payment` varchar(255) DEFAULT NULL,
  `deliver_status` varchar(255) DEFAULT NULL,
  `product_total_price` int(11) DEFAULT NULL,
  `user_name` VARCHAR (200) NOT NULL,
  `deliver_address` varchar(255) DEFAULT NULL,
  primary key(`product_order_id`),
  CONSTRAINT `FK_user_name12` FOREIGN KEY (`user_name`) REFERENCES `user_data`(`user_name`) ON DELETE CASCADE
)  ENGINE=InnoDB DEFAULT CHARSET=utf8mb4;

--
-- 傾印資料表的資料 `orderlist`
--
INSERT INTO `orderlist` (`product_order_id`, `order_date`, `product_payment`, `deliver_status`, `product_total_price`, `user_name`, `deliver_address`) VALUES
('s_20240708_12345', '2024-07-08', '信用卡', '已到達', 1000, '袁冠謹', '台中市西屯區文心路三段250號'),
('s_20240708_12346', '2024-07-09', '信用卡', '已到達', 1000, '林得辛', '彰化縣彰化市民生路100號'),
('s_20240708_12347', '2024-07-10', '信用卡', '配送中', 1500, '黃亮悟', '宜蘭縣宜蘭市中山路50號'),
('s_20240708_12348', '2024/7/11', '貨到付款', '未出貨', 300, '傅昌道', '台北市大安區忠孝東路一段100號'),
('s_20240708_12349', '2024/7/12', '貨到付款', '未出貨', 800, '劉年騏', '新北市板橋區文化路二段50號'),
('s_20240708_12350', '2024/7/13', '信用卡', '已到達', 600, '劉宥翊', '高雄市苓雅區自強三路20號'),
('s_20240708_12351', '2024/7/14', '信用卡', '配送中', 1200, '郭恆晤', '台南市北區林森路100號'),
('s_20240708_12352', '2024/7/15', '貨到付款', '未出貨', 900, '陳洋澤', '桃園市中壢區中華路一段50號'),
('s_20240708_12353', '2024/7/16', '貨到付款', '未出貨', 700, '林瀾芬', '新竹市東區建功路99號'),
('s_20240708_12354', '2024/7/17', '信用卡', '已到達', 1100, '劉庭莉', '台中市南區建國北路200號'),
('s_20240708_12355', '2024/7/18', '信用卡', '已到達', 1000, '葉瑜蓁', '台南市中西區民族路二段150號'),
('s_20240708_12356', '2024/7/19', '貨到付款', '配送中', 850, '連瓊穎', '台北市中正區羅斯福路四段40號'),
('s_20240708_12357', '2024/7/20', '貨到付款', '配送中', 950, '袁波雪', '高雄市三民區建國一路200號'),
('s_20240708_12358', '2024/7/21', '信用卡', '已到達', 1300, '歐卓秀', '台中市北區崇德路250號'),
('s_20240708_12359', '2024/7/22', '信用卡', '已到達', 700, '傅力穎', '台北市信義區市府路45號'),
('s_20240708_12360', '2024/7/23', '貨到付款', '未出貨', 400, '鐘丞吉', '新北市三峽區三峽路99號'),
('s_20240708_12361', '2024/7/24', '貨到付款', '未出貨', 600, '黃堇棋', '台南市南區長榮路二段120號'),
('s_20240708_12362', '2024/7/25', '信用卡', '配送中', 750, '黃晏汝', '台北市大同區重慶北路三段30號'),
('s_20240708_12363', '2024/7/26', '信用卡', '配送中', 900, '郭康賢', '高雄市左營區文自路70號'),
('s_20240708_12364', '2024/7/27', '貨到付款', '已到達', 800, '白於禎', '台北市士林區天母西路12號'),
('s_20240708_12365', '2024/7/28', '貨到付款', '已到達', 500, '曾以新', '台中市南區建國北路160號'),
('s_20240708_12366', '2024/7/29', '信用卡', '配送中', 950, '黃思玲', '新北市淡水區中正路123號'),
('s_20240708_12367', '2024/7/30', '信用卡', '配送中', 600, '江峻軒', '台南市東區中華東路三段45號'),
('s_20240708_12368', '2024/7/31', '貨到付款', '已到達', 400, '鍾家鋭', '高雄市楠梓區文中路8號'),
('s_20240708_12369', '2024/8/1', '貨到付款', '已到達', 1100, '鍾盛雅', '台北市北投區石牌路二段78號'),
('s_20240708_12370', '2024/8/2', '信用卡', '配送中', 800, '宋冠妤', '新竹市香山區香山路55號'),
('s_20240708_12371', '2024/8/3', '信用卡', '配送中', 950, '陳娟泓', '台中市西區民生路28號'),
('s_20240708_12372', '2024/8/4', '貨到付款', '已到達', 1000, '蔡梓鬱', '台北市大同區迪化街87號'),
('s_20240708_12373', '2024/8/5', '貨到付款', '已到達', 700, '溫堯悟', '台南市南區青年路30號'),
('s_20240708_12374', '2024/8/6', '信用卡', '配送中', 850, '林晏璧', '新北市三峽區三峽路5號'),
('s_20240708_12375', '2024/8/7', '信用卡', '配送中', 1000, '蕭林玉', '高雄市左營區軍校路35號'),
('s_20240708_12376', '2024/8/8', '貨到付款', '已到達', 400, '童晉盛', '台中市南區復興路88號'),
('s_20240708_12377', '2024/8/9', '貨到付款', '已到達', 750, '廖志鬆', '台北市中山區松江路89號'),
('s_20240708_12378', '2024/8/10', '信用卡', '配送中', 950, '盧姣希', '台南市東區中華東路55號'),
('s_20240708_12379', '2024/8/11', '信用卡', '配送中', 600, '郭堇易', '新北市三峡區水源路20號'),
('s_20240708_12380', '2024/8/12', '貨到付款', '已到達', 1100, '陳嬌臻', '台北市信義區光復南路70號'),
('s_20240708_12381', '2024/8/13', '貨到付款', '已到達', 800, '曹彤馨', '台中市西區台中路12號'),
('s_20240708_12382', '2024/8/14', '信用卡', '配送中', 1000, '葉淇賢', '台南市北區建國路30號'),
('s_20240708_12383', '2024/8/15', '信用卡', '配送中', 700, '李暉瀟', '高雄市鳳山區光復路50號'),
('s_20240708_12384', '2024/8/16', '貨到付款', '已到達', 850, '徐淇順', '台北市士林區中正路50號'),
('s_20240708_12385', '2024/8/17', '貨到付款', '已到達', 900, '顏之俊', '台中市北區三民路99號'),
('s_20240708_12386', '2024/8/18', '信用卡', '配送中', 750, '鄭初嘉', '台南市安平區永華路70號'),
('s_20240708_12387', '2024/8/19', '信用卡', '配送中', 600, '田許雙', '新北市板橋區長官路200號'),
('s_20240708_12388', '2024/8/20', '貨到付款', '已到達', 950, '王華風', '高雄市前鎮區中華路90號'),
('s_20240708_12389', '2024/8/21', '貨到付款', '已到達', 700, '涂霞露', '台北市大安區敦化南路50號'),
('s_20240708_12390', '2024/8/22', '信用卡', '配送中', 1000, '傅妍思', '台南市中西區府前路200號'),
('s_20240708_12391', '2024/8/23', '信用卡', '配送中', 850, '王俞精', '台中市南區建國路50號'),
('s_20240708_12392', '2024/8/24', '貨到付款', '已到達', 400, '陳一豔', '台北市中正區南昌路20號'),
('s_20240708_12393', '2024/8/25', '貨到付款', '已到達', 800, '洪福良', '台南市東區東門路120號'),
('s_20240708_12394', '2024/8/26', '信用卡', '配送中', 1000, '趙陽齊', '高雄市鼓山區草衙路25號');
-- --------------------------------------------------------
--
-- 資料表結構 `orderlist_detail`
--
CREATE TABLE `orderlist_detail` (
  `product_order_detail_id` int(11) DEFAULT NULL,
  `product_order_id` varchar(16) DEFAULT NULL,
  `product_id` varchar(13) DEFAULT NULL,
  `quantity` int(11) DEFAULT NULL,
  `price_after_discount_each` int(11) DEFAULT NULL,
  `product_total_price_after_discount_each` int(11) DEFAULT NULL
)  ENGINE=InnoDB DEFAULT CHARSET=utf8mb4;

--
-- 傾印資料表的資料 `orderlist_detail`
--
INSERT INTO `orderlist_detail` (`product_order_detail_id`, `product_order_id`, `product_id`, `quantity`, `price_after_discount_each`, `product_total_price_after_discount_each`) VALUES
(1, 's_20240708_12345', '1', 2, 800, 1600),
(2, 's_20240708_12345', '2', 5, 160, 800),
(3, 's_20240708_12345', '3', 3, 80, 240),
(4, 's_20240708_12346', '4', 3, 240, 720),
(5, 's_20240708_12346', '5', 1, 640, 640),
(6, 's_20240708_12346', '6', 2, 640, 1280),
(7, 's_20240708_12346', '7', 1, 640, 640),
(8, 's_20240708_12346', '8', 3, 80, 240),
(9, 's_20240708_12347', '9', 2, 800, 1600),
(10, 's_20240708_12347', '10', 5, 160, 800),
(11, 's_20240708_12348', '1', 2, 800, 1600),
(12, 's_20240708_12348', '2', 5, 160, 800),
(13, 's_20240708_12348', '3', 3, 80, 240),
(14, 's_20240708_12349', '4', 3, 240, 720),
(15, 's_20240708_12349', '5', 1, 640, 640),
(16, 's_20240708_12349', '6', 2, 640, 1280),
(17, 's_20240708_12349', '7', 1, 640, 640),
(18, 's_20240708_12349', '8', 3, 80, 240),
(19, 's_20240708_12350', '9', 2, 800, 1600),
(20, 's_20240708_12350', '10', 5, 160, 800),
(21, 's_20240708_12351', '1', 2, 800, 1600),
(22, 's_20240708_12351', '2', 5, 160, 800),
(23, 's_20240708_12351', '3', 3, 80, 240),
(24, 's_20240708_12352', '4', 3, 240, 720),
(25, 's_20240708_12352', '5', 1, 640, 640),
(26, 's_20240708_12352', '6', 2, 640, 1280),
(27, 's_20240708_12352', '7', 1, 640, 640),
(28, 's_20240708_12352', '8', 3, 80, 240),
(29, 's_20240708_12353', '9', 2, 800, 1600),
(30, 's_20240708_12353', '10', 5, 160, 800),
(31, 's_20240708_12354', '1', 2, 800, 1600),
(32, 's_20240708_12354', '2', 5, 160, 800),
(33, 's_20240708_12354', '3', 3, 80, 240),
(34, 's_20240708_12355', '4', 3, 240, 720),
(35, 's_20240708_12355', '5', 1, 640, 640),
(36, 's_20240708_12355', '6', 2, 640, 1280),
(37, 's_20240708_12355', '7', 1, 640, 640),
(38, 's_20240708_12355', '8', 3, 80, 240),
(39, 's_20240708_12356', '9', 2, 800, 1600),
(40, 's_20240708_12356', '10', 5, 160, 800),
(41, 's_20240708_12357', '1', 2, 800, 1600),
(42, 's_20240708_12357', '2', 5, 160, 800),
(43, 's_20240708_12357', '3', 3, 80, 240),
(44, 's_20240708_12358', '4', 3, 240, 720),
(45, 's_20240708_12358', '5', 1, 640, 640),
(46, 's_20240708_12358', '6', 2, 640, 1280),
(47, 's_20240708_12358', '7', 1, 640, 640),
(48, 's_20240708_12358', '8', 3, 80, 240),
(49, 's_20240708_12359', '9', 2, 800, 1600),
(50, 's_20240708_12359', '10', 5, 160, 800);

--
-- 資料表結構 `orders`
--

CREATE TABLE `orders` (
  `id` int(11) NOT NULL,
  `name` varchar(255) NOT NULL,
  `phone` varchar(20) NOT NULL,
  `email` varchar(255) NOT NULL,
  `address` text NOT NULL,
  `notes` text DEFAULT NULL,
  `created_at` timestamp NOT NULL DEFAULT current_timestamp(),
  `cart_items` text DEFAULT NULL
) ENGINE=InnoDB DEFAULT CHARSET=utf8mb4 COLLATE=utf8mb4_general_ci;

--
-- 傾印資料表的資料 `orders`
--

INSERT INTO `orders` (`id`, `name`, `phone`, `email`, `address`, `notes`, `created_at`, `cart_items`) VALUES
(1, '測試一', '0988 615 336', 'cdefgab159357@gmail.com', '高雄市前金區', '測試內容', '2024-10-08 05:53:45', '[{\"name\":\"露營帳篷\",\"quantity\":5,\"price\":1300},{\"name\":\"露營帳篷\",\"quantity\":3,\"price\":1300},{\"name\":\"露營帳篷\",\"quantity\":9,\"price\":1300}]');

--
-- 已傾印資料表的索引
--

--
-- 資料表索引 `orders`
--
ALTER TABLE `orders`
  ADD PRIMARY KEY (`id`);

--
-- 在傾印的資料表使用自動遞增(AUTO_INCREMENT)
--

--
-- 使用資料表自動遞增(AUTO_INCREMENT) `orders`
--
ALTER TABLE `orders`
  MODIFY `id` int(11) NOT NULL AUTO_INCREMENT, AUTO_INCREMENT=2;
COMMIT;
-- --------------------------------------------------------
--
-- 資料表結構 `product_type`
--
CREATE TABLE `product_type` (
  `product_type_id` int(11) DEFAULT NULL,
  `product_type` varchar(12) DEFAULT NULL
)  ENGINE=InnoDB DEFAULT CHARSET=utf8mb4;

--
-- 傾印資料表的資料 `product_type`
--
INSERT INTO `product_type` (`product_type_id`, `product_type`) VALUES
(1, 'tool'),
(2, 'food'),
(3, 'tent'),
(4, 'flashlight'),
(5, 'sleeping_bag');

-- --------------------------------------------------------
-- 收藏存放的資料表
-- book-收藏 
CREATE TABLE `book_fav`
(
  `id` INT NOT NULL AUTO_INCREMENT,
  `room_type_id` int(11) NOT NULL,
  `user_id` int NOT NULL,
  `created_at` DATETIME DEFAULT CURRENT_TIMESTAMP,
  `updated_at` DATETIME DEFAULT CURRENT_TIMESTAMP,
  PRIMARY KEY (`id`),
  FOREIGN KEY (user_id) REFERENCES user_data(user_id) ON DELETE CASCADE
)ENGINE=InnoDB DEFAULT CHARSET=utf8mb4;

INSERT INTO `book_fav` (`id`, `room_type_id`, `user_id`, `created_at`, `updated_at`) VALUES
(1, 2, 1, '2024-09-02 10:44:22', '2024-09-02 10:44:22'),
(2, 3, 1, '2024-09-02 10:44:22', '2024-09-02 10:44:22'),
(3, 2, 2, '2024-09-02 10:44:22', '2024-09-02 10:44:22'),
(4, 2, 3, '2024-09-02 10:44:22', '2024-09-02 10:44:22'),
(5, 4, 6, '2024-09-02 10:44:22', '2024-09-02 10:44:22'),
(6, 5, 8, '2024-09-02 10:44:22', '2024-09-02 10:44:22'),
(7, 7, 1, '2024-09-02 10:44:22', '2024-09-02 10:44:22'),
(8, 9, 7, '2024-09-02 10:44:22', '2024-09-02 10:44:22'),
(9, 6, 2, '2024-09-02 10:44:22', '2024-09-02 10:44:22'),
(10, 8, 3, '2024-09-02 10:44:22', '2024-09-02 10:44:22');


-- event
CREATE TABLE `event_fav`
(
  `id` INT NOT NULL AUTO_INCREMENT,
  `event_id` int(11) NOT NULL,
  `user_id` int NOT NULL,
  `created_at` DATETIME DEFAULT CURRENT_TIMESTAMP,
  `updated_at` DATETIME DEFAULT CURRENT_TIMESTAMP,
  PRIMARY KEY (`id`),
  FOREIGN KEY (user_id) REFERENCES user_data(user_id) ON DELETE CASCADE
)ENGINE=InnoDB DEFAULT CHARSET=utf8mb4;

-- product
DROP TABLE IF EXISTS `product_like`;
CREATE TABLE `product_like`
(
  `p_like_id` INT NOT NULL AUTO_INCREMENT,
    `product_id` INT NOT NULL,
  PRIMARY KEY (`p_like_id`),
  CONSTRAINT `FK_product_like` FOREIGN KEY (`product_id`) REFERENCES `books`(`product_id`)
)ENGINE=InnoDB DEFAULT CHARSET=utf8mb4;

-- ----------------------------
-- not selected region
-- ----------------------------
DROP TABLE IF EXISTS `post_n`;
-- 北部 post_n 的資料表
CREATE TABLE `post_n`
(
  `nor_no` varchar(30) CHARACTER SET utf8mb4 COLLATE utf8mb4_general_ci NOT NULL,
  `city_n` varchar(255) CHARACTER SET utf8mb4 COLLATE utf8mb4_general_ci NOT NULL,
  PRIMARY KEY (`nor_no`),
  UNIQUE KEY (`city_n`)
)ENGINE=InnoDB DEFAULT CHARSET=utf8mb4;

-- 傾印資料表的資料 `post_n`
INSERT INTO `post_n` VALUES
('nor1', '宜蘭縣'),
('nor2', '台北市'),
('nor3', '新北市'),
('nor4', '新竹市'),
('nor5', '新竹縣'),
('nor7', '桃園市'),
('nor8', '基隆市');
-- --------------------------------------------------------
DROP TABLE IF EXISTS `post_c`;
-- 中部 post_c 的資料表
CREATE TABLE `post_c`
(
  `cen_no` varchar(30) CHARACTER SET utf8mb4 COLLATE utf8mb4_general_ci NOT NULL,
  `city_c` varchar(255) CHARACTER SET utf8mb4 COLLATE utf8mb4_general_ci NOT NULL,
  PRIMARY KEY (`cen_no`),
  UNIQUE KEY (`city_c`)
)ENGINE=InnoDB DEFAULT CHARSET=utf8mb4;

-- 傾印資料表的資料 `post_c`
INSERT INTO `post_c` VALUES
('cen1', '南投縣'),
('cen2', '雲林縣'),
('cen3', '彰化縣'),
('cen4', '台中市'),
('cen5', '苗栗縣');
-- --------------------------------------------------------
DROP TABLE IF EXISTS `post_s`;
-- 南部 post_s 的資料表
CREATE TABLE `post_s`
(
  `sou_no` varchar(30) CHARACTER SET utf8mb4 COLLATE utf8mb4_general_ci NOT NULL,
  `city_s` varchar(255) CHARACTER SET utf8mb4 COLLATE utf8mb4_general_ci NOT NULL,
  PRIMARY KEY (`sou_no`),
  UNIQUE KEY (`city_s`)
)ENGINE=InnoDB DEFAULT CHARSET=utf8mb4;

-- 傾印資料表的資料 `post_s`
INSERT INTO `post_s` VALUES
('sou1', '屏東縣'),
('sou2', '嘉義縣'),
('sou3', '嘉義市'),
('sou4', '高雄市'),
('sou5', '台南市');
-- --------------------------------------------------------
DROP TABLE IF EXISTS `post_e`;
-- 東部 post_e 的資料表
CREATE TABLE `post_e`
(
  `eas_no` varchar(30) CHARACTER SET utf8mb4 COLLATE utf8mb4_general_ci NOT NULL,
  `city_n` varchar(255) CHARACTER SET utf8mb4 COLLATE utf8mb4_general_ci NOT NULL,
  PRIMARY KEY (`eas_no`),
  UNIQUE KEY (`city_n`)
)ENGINE=InnoDB DEFAULT CHARSET=utf8mb4;

-- 傾印資料表的資料 `post_e`
INSERT INTO `post_e` VALUES
('eas1', '台東縣'),
('eas2', '花蓮縣');
